"","Latin.name","Family","Origem..Fonte..Flora.do.Brasil.2020.","Brasil","order","family","pollinator.spp","group"
"1","Pouteria caimito (Ruiz & Pav.) Radlk.","Sapotaceae ","Trinidad to Central & S. Tropical America.","Nativa","Hymenoptera","Apidae","Eulaema mocsaryi","Bees"
"2","Pouteria caimito (Ruiz & Pav.) Radlk.","Sapotaceae ","Trinidad to Central & S. Tropical America.","Nativa","Hymenoptera","Apidae","Melipona seminigra","Bees"
"3","Pouteria caimito (Ruiz & Pav.) Radlk.","Sapotaceae ","Trinidad to Central & S. Tropical America.","Nativa","Hymenoptera","Apidae","Oxytrigona obscura","Bees"
"4","Pouteria caimito (Ruiz & Pav.) Radlk.","Sapotaceae ","Trinidad to Central & S. Tropical America.","Nativa","Hymenoptera","Apidae","Ptilotrigona lurida","Bees"
"5","Pouteria caimito (Ruiz & Pav.) Radlk.","Sapotaceae ","Trinidad to Central & S. Tropical America.","Nativa","Hymenoptera","Apidae","Trigona dallatorreana","Bees"
"6","Pouteria caimito (Ruiz & Pav.) Radlk.","Sapotaceae ","Trinidad to Central & S. Tropical America.","Nativa","Hymenoptera","Apidae","Trigona spinipes","Bees"
"7","Pouteria caimito (Ruiz & Pav.) Radlk.","Sapotaceae ","Trinidad to Central & S. Tropical America.","Nativa","Hymenoptera","Apidae","Xylocopa frontalis","Bees"
"8","Euterpe oleracea Mart.","Arecaceae","Brazil, Colombia, Ecuador, French Guiana, Guyana, Suriname, Trinidad-Tobago, Venezuela","Nativa","Hymenoptera","Apidae","Melipona flavolineata","Bees"
"9","Euterpe oleracea Mart.","Arecaceae","Brazil, Colombia, Ecuador, French Guiana, Guyana, Suriname, Trinidad-Tobago, Venezuela","Nativa","Hymenoptera","Apidae","Trigona branneri","Bees"
"10","Euterpe oleracea Mart.","Arecaceae","Brazil, Colombia, Ecuador, French Guiana, Guyana, Suriname, Trinidad-Tobago, Venezuela","Nativa","Hymenoptera","Apidae","Trigona guianae","Bees"
"11","Euterpe oleracea Mart.","Arecaceae","Brazil, Colombia, Ecuador, French Guiana, Guyana, Suriname, Trinidad-Tobago, Venezuela","Nativa","Hymenoptera","Apidae","Trigona pallens","Bees"
"12","Euterpe oleracea Mart.","Arecaceae","Brazil, Colombia, Ecuador, French Guiana, Guyana, Suriname, Trinidad-Tobago, Venezuela","Nativa","Hymenoptera","Apidae","Trigona recursa","Bees"
"13","Euterpe oleracea Mart.","Arecaceae","Brazil, Colombia, Ecuador, French Guiana, Guyana, Suriname, Trinidad-Tobago, Venezuela","Nativa","Hymenoptera","Apidae","Trigonisca dobzhanskyi","Bees"
"14","Euterpe oleracea Mart.","Arecaceae","Brazil, Colombia, Ecuador, French Guiana, Guyana, Suriname, Trinidad-Tobago, Venezuela","Nativa","Hymenoptera","Apidae","Trigonisca hiriticornis","Bees"
"15","Euterpe oleracea Mart.","Arecaceae","Brazil, Colombia, Ecuador, French Guiana, Guyana, Suriname, Trinidad-Tobago, Venezuela","Nativa","Hymenoptera","Apidae","Trigonisca nataliae","Bees"
"16","Euterpe oleracea Mart.","Arecaceae","Brazil, Colombia, Ecuador, French Guiana, Guyana, Suriname, Trinidad-Tobago, Venezuela","Nativa","Hymenoptera","Apidae","Trigonisca unidentata","Bees"
"17","Euterpe oleracea Mart.","Arecaceae","Brazil, Colombia, Ecuador, French Guiana, Guyana, Suriname, Trinidad-Tobago, Venezuela","Nativa","Hymenoptera","Apidae","Trigonisca vitrifrons","Bees"
"18","Euterpe precatoria Mart.","Arecaceae","Trinidad to Central & S. Tropical America","Nativa","Coleoptera","Curculionidae","Phyllotrox sp.","Other insects"
"19","Persea americana Mill","Lauraceae","Mexico and Central America","Exotica","Hymenoptera","Apidae","Apis mellifera","Bees"
"20","Persea americana Mill","Lauraceae","Mexico and Central America","Exotica","Hymenoptera","Apidae","Tetragonisca angustula","Bees"
"21","Persea americana Mill","Lauraceae","Mexico and Central America","Exotica","Hymenoptera","Apidae","Trigona spinipes","Bees"
"22","Persea americana Mill","Lauraceae","Mexico and Central America","Exotica","Hymenoptera","Apidae","Xylocopa sp.","Bees"
"23","Persea americana Mill","Lauraceae","Mexico and Central America","Exotica","Hymenoptera","Halictidae","Chloralictus sp.","Bees"
"24","Ananas ananassoides (Baker) L.B.Sm.","Bromeliaceae","Costa Rica to S. Tropical America.","Nativa","Apodiformes","Trochilidae","Hylocharis chrysura","Vertebrates"
"25","Ananas ananassoides (Baker) L.B.Sm.","Bromeliaceae","Costa Rica to S. Tropical America.","Nativa","Apodiformes","Trochilidae","Thalurania glaucopis","Vertebrates"
"26","Ananas ananassoides (Baker) L.B.Sm.","Bromeliaceae","Costa Rica to S. Tropical America.","Nativa","Hymenoptera","Apidae","Bombus morio","Bees"
"27","Ananas ananassoides (Baker) L.B.Sm.","Bromeliaceae","Costa Rica to S. Tropical America.","Nativa","Lepidoptera","Nymphalidae","Hamadryas februa","Other insects"
"28","Ananas ananassoides (Baker) L.B.Sm.","Bromeliaceae","Costa Rica to S. Tropical America.","Nativa","Lepidoptera","Pieridae","Phoebis sennae","Other insects"
"29","Cucurbita maxima Duchesne","Cucurbitaceae","Bolivia to N. Argentina","Exotica","Coleoptera","Chrysomelidae","Diabrotica speciosa","Other insects"
"30","Cucurbita maxima Duchesne","Cucurbitaceae","Bolivia to N. Argentina","Exotica","Hymenoptera","Andrenidae","Oxaea flavescens","Bees"
"31","Cucurbita maxima Duchesne","Cucurbitaceae","Bolivia to N. Argentina","Exotica","Hymenoptera","Apidae","Apis mellifera","Bees"
"32","Cucurbita maxima Duchesne","Cucurbitaceae","Bolivia to N. Argentina","Exotica","Hymenoptera","Apidae","Bombus morio","Bees"
"33","Cucurbita maxima Duchesne","Cucurbitaceae","Bolivia to N. Argentina","Exotica","Hymenoptera","Apidae","Melipona quadrifasciata","Bees"
"34","Cucurbita maxima Duchesne","Cucurbitaceae","Bolivia to N. Argentina","Exotica","Hymenoptera","Apidae","Melipona rufiventris","Bees"
"35","Cucurbita maxima Duchesne","Cucurbitaceae","Bolivia to N. Argentina","Exotica","Hymenoptera","Apidae","Trigona spinipes","Bees"
"36","Cucurbita maxima Duchesne","Cucurbitaceae","Bolivia to N. Argentina","Exotica","Hymenoptera","Apidae","Xylocopa frontalis","Bees"
"37","Malpighia emarginata DC.","Malpighiaceae","Belize, Colombia, El Salvador, Guatemala, Honduras, Mexico ","Exotica","Hymenoptera","Apidae","Apis mellifera","Bees"
"38","Malpighia emarginata DC.","Malpighiaceae","Belize, Colombia, El Salvador, Guatemala, Honduras, Mexico ","Exotica","Hymenoptera","Apidae","Centris aenea","Bees"
"39","Malpighia emarginata DC.","Malpighiaceae","Belize, Colombia, El Salvador, Guatemala, Honduras, Mexico ","Exotica","Hymenoptera","Apidae","Centris analis","Bees"
"40","Malpighia emarginata DC.","Malpighiaceae","Belize, Colombia, El Salvador, Guatemala, Honduras, Mexico ","Exotica","Hymenoptera","Apidae","Centris bicolor","Bees"
"41","Malpighia emarginata DC.","Malpighiaceae","Belize, Colombia, El Salvador, Guatemala, Honduras, Mexico ","Exotica","Hymenoptera","Apidae","Centris caxiensis","Bees"
"42","Malpighia emarginata DC.","Malpighiaceae","Belize, Colombia, El Salvador, Guatemala, Honduras, Mexico ","Exotica","Hymenoptera","Apidae","Centris decolorata","Bees"
"43","Malpighia emarginata DC.","Malpighiaceae","Belize, Colombia, El Salvador, Guatemala, Honduras, Mexico ","Exotica","Hymenoptera","Apidae","Centris denudans","Bees"
"44","Malpighia emarginata DC.","Malpighiaceae","Belize, Colombia, El Salvador, Guatemala, Honduras, Mexico ","Exotica","Hymenoptera","Apidae","Centris flavifrons","Bees"
"45","Malpighia emarginata DC.","Malpighiaceae","Belize, Colombia, El Salvador, Guatemala, Honduras, Mexico ","Exotica","Hymenoptera","Apidae","Centris fuscata","Bees"
"46","Malpighia emarginata DC.","Malpighiaceae","Belize, Colombia, El Salvador, Guatemala, Honduras, Mexico ","Exotica","Hymenoptera","Apidae","Centris inermis","Bees"
"47","Malpighia emarginata DC.","Malpighiaceae","Belize, Colombia, El Salvador, Guatemala, Honduras, Mexico ","Exotica","Hymenoptera","Apidae","Centris longimana","Bees"
"48","Malpighia emarginata DC.","Malpighiaceae","Belize, Colombia, El Salvador, Guatemala, Honduras, Mexico ","Exotica","Hymenoptera","Apidae","Centris maranhensis","Bees"
"49","Malpighia emarginata DC.","Malpighiaceae","Belize, Colombia, El Salvador, Guatemala, Honduras, Mexico ","Exotica","Hymenoptera","Apidae","Centris mocsaryi","Bees"
"50","Malpighia emarginata DC.","Malpighiaceae","Belize, Colombia, El Salvador, Guatemala, Honduras, Mexico ","Exotica","Hymenoptera","Apidae","Centris nitens","Bees"
"51","Malpighia emarginata DC.","Malpighiaceae","Belize, Colombia, El Salvador, Guatemala, Honduras, Mexico ","Exotica","Hymenoptera","Apidae","Centris obsoleta","Bees"
"52","Malpighia emarginata DC.","Malpighiaceae","Belize, Colombia, El Salvador, Guatemala, Honduras, Mexico ","Exotica","Hymenoptera","Apidae","Centris poecila","Bees"
"53","Malpighia emarginata DC.","Malpighiaceae","Belize, Colombia, El Salvador, Guatemala, Honduras, Mexico ","Exotica","Hymenoptera","Apidae","Centris rhodoprocta","Bees"
"54","Malpighia emarginata DC.","Malpighiaceae","Belize, Colombia, El Salvador, Guatemala, Honduras, Mexico ","Exotica","Hymenoptera","Apidae","Centris scopipes","Bees"
"55","Malpighia emarginata DC.","Malpighiaceae","Belize, Colombia, El Salvador, Guatemala, Honduras, Mexico ","Exotica","Hymenoptera","Apidae","Centris spilopoda","Bees"
"56","Malpighia emarginata DC.","Malpighiaceae","Belize, Colombia, El Salvador, Guatemala, Honduras, Mexico ","Exotica","Hymenoptera","Apidae","Centris sponsa","Bees"
"57","Malpighia emarginata DC.","Malpighiaceae","Belize, Colombia, El Salvador, Guatemala, Honduras, Mexico ","Exotica","Hymenoptera","Apidae","Centris tarsata","Bees"
"58","Malpighia emarginata DC.","Malpighiaceae","Belize, Colombia, El Salvador, Guatemala, Honduras, Mexico ","Exotica","Hymenoptera","Apidae","Centris trigonoides","Bees"
"59","Malpighia emarginata DC.","Malpighiaceae","Belize, Colombia, El Salvador, Guatemala, Honduras, Mexico ","Exotica","Hymenoptera","Apidae","Centris varia","Bees"
"60","Malpighia emarginata DC.","Malpighiaceae","Belize, Colombia, El Salvador, Guatemala, Honduras, Mexico ","Exotica","Hymenoptera","Apidae","Centris vittata","Bees"
"61","Malpighia emarginata DC.","Malpighiaceae","Belize, Colombia, El Salvador, Guatemala, Honduras, Mexico ","Exotica","Hymenoptera","Apidae","Epicharis affinis","Bees"
"62","Malpighia emarginata DC.","Malpighiaceae","Belize, Colombia, El Salvador, Guatemala, Honduras, Mexico ","Exotica","Hymenoptera","Apidae","Epicharis albofasciata","Bees"
"63","Malpighia emarginata DC.","Malpighiaceae","Belize, Colombia, El Salvador, Guatemala, Honduras, Mexico ","Exotica","Hymenoptera","Apidae","Epicharis analis","Bees"
"64","Malpighia emarginata DC.","Malpighiaceae","Belize, Colombia, El Salvador, Guatemala, Honduras, Mexico ","Exotica","Hymenoptera","Apidae","Epicharis bicolor","Bees"
"65","Malpighia emarginata DC.","Malpighiaceae","Belize, Colombia, El Salvador, Guatemala, Honduras, Mexico ","Exotica","Hymenoptera","Apidae","Epicharis cockerelli","Bees"
"66","Malpighia emarginata DC.","Malpighiaceae","Belize, Colombia, El Salvador, Guatemala, Honduras, Mexico ","Exotica","Hymenoptera","Apidae","Epicharis flava","Bees"
"67","Malpighia emarginata DC.","Malpighiaceae","Belize, Colombia, El Salvador, Guatemala, Honduras, Mexico ","Exotica","Hymenoptera","Apidae","Epicharis xanthogastra","Bees"
"68","Malpighia emarginata DC.","Malpighiaceae","Belize, Colombia, El Salvador, Guatemala, Honduras, Mexico ","Exotica","Hymenoptera","Apidae","Nannotrigona testaceicornis","Bees"
"69","Malpighia emarginata DC.","Malpighiaceae","Belize, Colombia, El Salvador, Guatemala, Honduras, Mexico ","Exotica","Hymenoptera","Apidae","Partamona cupira","Bees"
"70","Malpighia emarginata DC.","Malpighiaceae","Belize, Colombia, El Salvador, Guatemala, Honduras, Mexico ","Exotica","Hymenoptera","Apidae","Trigona spinipes","Bees"
"71","Malpighia emarginata DC.","Malpighiaceae","Belize, Colombia, El Salvador, Guatemala, Honduras, Mexico ","Exotica","Hymenoptera","Apidae","Xylocopa frontalis","Bees"
"72","Annona tomentosa R.E.Fr.","Annonaceae","Bolivia, Brazil North, Brazil Northeast, Brazil Southeast, Brazil West-Central","Nativa","Coleoptera","Scarabaeidae","Cyclocephala atricapilla","Other insects"
"73","Annona tomentosa R.E.Fr.","Annonaceae","Bolivia, Brazil North, Brazil Northeast, Brazil Southeast, Brazil West-Central","Nativa","Coleoptera","Scarabaeidae","Cyclocephala quatuordecumpunctata","Other insects"
"74","Schinus terebinthifolia Raddi","Anacardiaceae","Argentina Northeast, Brazil, Paraguay","Nativa","Hymenoptera","Apidae","Apis mellifera","Bees"
"75","Schinus terebinthifolia Raddi","Anacardiaceae","Argentina Northeast, Brazil, Paraguay","Nativa","Hymenoptera","Apidae","Mesoplia bifrons","Bees"
"76","Schinus terebinthifolia Raddi","Anacardiaceae","Argentina Northeast, Brazil, Paraguay","Nativa","Hymenoptera","Apidae","Xylocopa ordinaria","Bees"
"77","Schinus terebinthifolia Raddi","Anacardiaceae","Argentina Northeast, Brazil, Paraguay","Nativa","Hymenoptera","Halictidae","Augochloropsis notophos","Bees"
"78","Schinus terebinthifolia Raddi","Anacardiaceae","Argentina Northeast, Brazil, Paraguay","Nativa","Hymenoptera","Halictidae","Dialictus sp.","Bees"
"79","Schinus terebinthifolia Raddi","Anacardiaceae","Argentina Northeast, Brazil, Paraguay","Nativa","Hymenoptera","Vespidae","Polistes lanio","Other insects"
"80","Schinus terebinthifolia Raddi","Anacardiaceae","Argentina Northeast, Brazil, Paraguay","Nativa","Hymenoptera","Vespidae","Polistes versicolor","Other insects"
"81","Schinus terebinthifolia Raddi","Anacardiaceae","Argentina Northeast, Brazil, Paraguay","Nativa","Hymenoptera","Vespidae","Polybia fastidiosuscula","Other insects"
"82","Attalea speciosa Mart.","Arecaceae","Bolivia, Brazil, Guyana, Suriname","Nativa","Coleoptera","Nitidulidae","Mystrops mexicana","Other insects"
"83","Oenocarpus mapora H.Karst.","Arecaceae","Bolivia, Brazil North, Colombia, Costa Rica, Ecuador, Panamá, Peru, Venezuela","Nativa","Coleoptera","Curculionidae","Anchylorhychus bicarinatus","Other insects"
"84","Oenocarpus mapora H.Karst.","Arecaceae","Bolivia, Brazil North, Colombia, Costa Rica, Ecuador, Panamá, Peru, Venezuela","Nativa","Coleoptera","Curculionidae","Terires minusculus","Other insects"
"85","Oenocarpus mapora H.Karst.","Arecaceae","Bolivia, Brazil North, Colombia, Costa Rica, Ecuador, Panamá, Peru, Venezuela","Nativa","Coleoptera","Scarabaeidae","Cyclocephala distincta","Other insects"
"86","Oenocarpus mapora H.Karst.","Arecaceae","Bolivia, Brazil North, Colombia, Costa Rica, Ecuador, Panamá, Peru, Venezuela","Nativa","Hemiptera","Thaumastocoridae","Discocoris drakei","Other insects"
"87","Oenocarpus mapora H.Karst.","Arecaceae","Bolivia, Brazil North, Colombia, Costa Rica, Ecuador, Panamá, Peru, Venezuela","Nativa","Hymenoptera","","Apis mellifera","Bees"
"88","Oenocarpus mapora H.Karst.","Arecaceae","Bolivia, Brazil North, Colombia, Costa Rica, Ecuador, Panamá, Peru, Venezuela","Nativa","Hymenoptera","","Trigona sp.","Bees"
"89","Platonia insignis Mart.","Clusiaceae ","Brazil, French Guiana, Guyana, Suriname, Venezuela","Nativa","Passeriformes","Icteridae","Cacicus cela","Vertebrates"
"90","Platonia insignis Mart.","Clusiaceae ","Brazil, French Guiana, Guyana, Suriname, Venezuela","Nativa","Passeriformes","Thraupidae","Cyanerpes caeruleus","Vertebrates"
"91","Platonia insignis Mart.","Clusiaceae ","Brazil, French Guiana, Guyana, Suriname, Venezuela","Nativa","Passeriformes","Thraupidae","Ramphocelus carbo","Vertebrates"
"92","Platonia insignis Mart.","Clusiaceae ","Brazil, French Guiana, Guyana, Suriname, Venezuela","Nativa","Passeriformes","Thraupidae","Thraupis episcopus","Vertebrates"
"93","Platonia insignis Mart.","Clusiaceae ","Brazil, French Guiana, Guyana, Suriname, Venezuela","Nativa","Passeriformes","Thraupidae","Thraupis palmarum","Vertebrates"
"94","Platonia insignis Mart.","Clusiaceae ","Brazil, French Guiana, Guyana, Suriname, Venezuela","Nativa","Psittaciformes","Psittacidae","Aratinga leucophthalmus","Vertebrates"
"95","Platonia insignis Mart.","Clusiaceae ","Brazil, French Guiana, Guyana, Suriname, Venezuela","Nativa","Psittaciformes","Psittacidae","Brotogeris chrysoptera","Vertebrates"
"96","Platonia insignis Mart.","Clusiaceae ","Brazil, French Guiana, Guyana, Suriname, Venezuela","Nativa","Psittaciformes","Psittacidae","Pionites leucogaster","Vertebrates"
"97","Butia paraguayensis (Barb.Rodr.) L.H.Bailey","Arecaceae","Brazil, Paraguay","Nativa","Hymenoptera","Apidae","Apis mellifera","Bees"
"98","Butia paraguayensis (Barb.Rodr.) L.H.Bailey","Arecaceae","Brazil, Paraguay","Nativa","Hymenoptera","Apidae","Paratrigona lineata","Bees"
"99","Butia paraguayensis (Barb.Rodr.) L.H.Bailey","Arecaceae","Brazil, Paraguay","Nativa","Hymenoptera","Apidae","Trigona hyalinata","Bees"
"100","Butia paraguayensis (Barb.Rodr.) L.H.Bailey","Arecaceae","Brazil, Paraguay","Nativa","Hymenoptera","Apidae","Trigona spinipes","Bees"
"101","Butia paraguayensis (Barb.Rodr.) L.H.Bailey","Arecaceae","Brazil, Paraguay","Nativa","Hymenoptera","Halictidae","Augochlora sp.","Bees"
"102","Butia paraguayensis (Barb.Rodr.) L.H.Bailey","Arecaceae","Brazil, Paraguay","Nativa","Hymenoptera","Halictidae","Augochlorella michaelis","Bees"
"103","Butia paraguayensis (Barb.Rodr.) L.H.Bailey","Arecaceae","Brazil, Paraguay","Nativa","Hymenoptera","Halictidae","Augochloropsis aurifluens","Bees"
"104","Butia paraguayensis (Barb.Rodr.) L.H.Bailey","Arecaceae","Brazil, Paraguay","Nativa","Hymenoptera","Halictidae","Augochloropsis cleopatra","Bees"
"105","Butia paraguayensis (Barb.Rodr.) L.H.Bailey","Arecaceae","Brazil, Paraguay","Nativa","Hymenoptera","Halictidae","Ceratalictus theius","Bees"
"106","Butia paraguayensis (Barb.Rodr.) L.H.Bailey","Arecaceae","Brazil, Paraguay","Nativa","Hymenoptera","Halictidae","Chloralictus sp.","Bees"
"107","Theobroma cacao L.","Malvaceae","Brazil, Colombia, Costa Rica, Ecuador, French Guiana, Guyana, Peru, Suriname, Venezuela","Nativa","Diptera","Ceratopogonidae","Forcipomyia soriai","Other insects"
"108","Theobroma cacao L.","Malvaceae","Brazil, Colombia, Costa Rica, Ecuador, French Guiana, Guyana, Peru, Suriname, Venezuela","Nativa","Diptera","Ceratopogonidae","Forcipomyia spatulifera","Other insects"
"109","Theobroma cacao L.","Malvaceae","Brazil, Colombia, Costa Rica, Ecuador, French Guiana, Guyana, Peru, Suriname, Venezuela","Nativa","Diptera","Ceratopogonidae","Forcipomyia winderi","Other insects"
"110","Elaeis oleifera  (Kunth) Cortés","Arecaceae","Brazil, Colombia, Costa Rica, Ecuador, French Guiana, Honduras, Nicaragua, Panamá, Peru, Suriname","Nativa","Coleoptera","Curculionidae","Elaeidobius sp.","Other insects"
"111","Elaeis oleifera  (Kunth) Cortés","Arecaceae","Brazil, Colombia, Costa Rica, Ecuador, French Guiana, Honduras, Nicaragua, Panamá, Peru, Suriname","Nativa","Hymenoptera","Apidae","Apis mellifera","Bees"
"112","Elaeis oleifera  (Kunth) Cortés","Arecaceae","Brazil, Colombia, Costa Rica, Ecuador, French Guiana, Honduras, Nicaragua, Panamá, Peru, Suriname","Nativa","Hymenoptera","Apidae","Partamona sp.","Bees"
"113","Elaeis oleifera  (Kunth) Cortés","Arecaceae","Brazil, Colombia, Costa Rica, Ecuador, French Guiana, Honduras, Nicaragua, Panamá, Peru, Suriname","Nativa","Hymenoptera","Apidae","Trigona sp.","Bees"
"114","Myrciaria dubia (Kunth) McVaugh","Myrtaceae","S. Tropical America.","Nativa","Hymenoptera","Apidae","Apis mellifera","Bees"
"115","Myrciaria dubia (Kunth) McVaugh","Myrtaceae","S. Tropical America.","Nativa","Hymenoptera","Apidae","Melipona compressipes","Bees"
"116","Myrciaria dubia (Kunth) McVaugh","Myrtaceae","S. Tropical America.","Nativa","Hymenoptera","Apidae","Nannotrigona punctata","Bees"
"117","Myrciaria dubia (Kunth) McVaugh","Myrtaceae","S. Tropical America.","Nativa","Hymenoptera","Apidae","Partamona cupira","Bees"
"118","Myrciaria dubia (Kunth) McVaugh","Myrtaceae","S. Tropical America.","Nativa","Hymenoptera","Apidae","Trigona branneri","Bees"
"119","Myrciaria dubia (Kunth) McVaugh","Myrtaceae","S. Tropical America.","Nativa","Hymenoptera","Apidae","Trigona pallens","Bees"
"120","Myrciaria dubia (Kunth) McVaugh","Myrtaceae","S. Tropical America.","Nativa","Hymenoptera","Apidae","Trigona recursa","Bees"
"121","Myrciaria dubia (Kunth) McVaugh","Myrtaceae","S. Tropical America.","Nativa","Hymenoptera","Halictidae","Augochlora sp.","Bees"
"122","Annona cornifolia  A.St.-Hil.","Annonaceae","Brazil to Bolivia","Nativa","Coleoptera","Scarabaeidae","Cyclocephala atricapilla","Other insects"
"123","Annona cornifolia  A.St.-Hil.","Annonaceae","Brazil to Bolivia","Nativa","Coleoptera","Scarabaeidae","Cyclocephala quatuordecumpunctata","Other insects"
"124","Cocos nucifera L.","Arecaceae","Central Malesia to SW. Pacific","Exotica","Hymenoptera","Apidae","Apis mellifera","Bees"
"125","Cocos nucifera L.","Arecaceae","Central Malesia to SW. Pacific","Exotica","Hymenoptera","Apidae","Plebeia poecilochroa","Bees"
"126","Cocos nucifera L.","Arecaceae","Central Malesia to SW. Pacific","Exotica","Hymenoptera","Apidae","Trigona guianae","Bees"
"127","Cocos nucifera L.","Arecaceae","Central Malesia to SW. Pacific","Exotica","Hymenoptera","Apidae","Trigona spinipes","Bees"
"128","Crambe hispanica subsp. abyssinica (Hochst. ex R.E.Fr.) Prina","Brassicaceae","Ethiopia, Kenya, Rwanda, Tanzania, Uganda, Zaïre","Exotica","Hymenoptera","Apidae","Apis mellifera","Bees"
"129","Crambe hispanica subsp. abyssinica (Hochst. ex R.E.Fr.) Prina","Brassicaceae","Ethiopia, Kenya, Rwanda, Tanzania, Uganda, Zaïre","Exotica","Hymenoptera","Apidae","Exomalopsis fulvofasciata","Bees"
"130","Crambe hispanica subsp. abyssinica (Hochst. ex R.E.Fr.) Prina","Brassicaceae","Ethiopia, Kenya, Rwanda, Tanzania, Uganda, Zaïre","Exotica","Hymenoptera","Apidae","Geotrigona mombuca","Bees"
"131","Crambe hispanica subsp. abyssinica (Hochst. ex R.E.Fr.) Prina","Brassicaceae","Ethiopia, Kenya, Rwanda, Tanzania, Uganda, Zaïre","Exotica","Hymenoptera","Apidae","Plebeia sp.","Bees"
"132","Crambe hispanica subsp. abyssinica (Hochst. ex R.E.Fr.) Prina","Brassicaceae","Ethiopia, Kenya, Rwanda, Tanzania, Uganda, Zaïre","Exotica","Hymenoptera","Halictidae","Dialictus sp.","Bees"
"133","Lippia alba (Mill.) N.E.Br. ex Britton & P.Wilson","Verbenaceae ","Tropical & Subtropical America","Nativa","Hymenoptera","Apidae","Apis mellifera","Bees"
"134","Feijoa sellowiana (O.Berg) O.Berg","Myrtaceae","Argentina, Brazil, Uruguay","Nativa","Hymenoptera","Apidae","Bombus atratus","Bees"
"135","Feijoa sellowiana (O.Berg) O.Berg","Myrtaceae","Argentina, Brazil, Uruguay","Nativa","Hymenoptera","Apidae","Xylocopa augusti","Bees"
"136","Campomanesia velutina (Cambess.) O.Berg","Myrtaceae","Brazil","Nativa","Hymenoptera","Apidae","Bombus atratus","Bees"
"137","Campomanesia velutina (Cambess.) O.Berg","Myrtaceae","Brazil","Nativa","Hymenoptera","Apidae","Bombus morio","Bees"
"138","Annona montana Macfad","Annonaceae","Tropical America","Nativa","Coleoptera","Scarabaeidae","Cyclocephala picipes","Other insects"
"139","Syzygium cumini (L.) Skeels","Myrtaceae","Tropical & Subtropical Asia to N. Queensland.","Exotica","Hymenoptera","Apidae","Apis mellifera","Bees"
"140","Syzygium cumini (L.) Skeels","Myrtaceae","Tropical & Subtropical Asia to N. Queensland.","Exotica","Hymenoptera","Apidae","Scaptotrigona  sp.","Bees"
"141","Syzygium cumini (L.) Skeels","Myrtaceae","Tropical & Subtropical Asia to N. Queensland.","Exotica","Hymenoptera","Apidae","Tetragonisca sp.","Bees"
"142","Syzygium cumini (L.) Skeels","Myrtaceae","Tropical & Subtropical Asia to N. Queensland.","Exotica","Hymenoptera","Apidae","Trigona sp.","Bees"
"143","Jacaratia spinosa (Aubl.) A.DC.","Caricaceae","Central & S. Tropical America","Nativa","Lepidoptera","Sphingidae","Aellopos titan","Other insects"
"144","Hymenaea stigonocarpa Mart. ex Hayne","Fabaceae","Venezuela to Paraguay","Nativa","Chiroptera","Phyllostomidae","Carollia perspicillata","Vertebrates"
"145","Hymenaea stigonocarpa Mart. ex Hayne","Fabaceae","Venezuela to Paraguay","Nativa","Chiroptera","Phyllostomidae","Glossophaga soricina","Vertebrates"
"146","Hymenaea stigonocarpa Mart. ex Hayne","Fabaceae","Venezuela to Paraguay","Nativa","Chiroptera","Phyllostomidae","Plathyrrhinus lineatus","Vertebrates"
"147","Citrus limonum; Citrus aurantifolia","Rutaceae","China to Peninsula Malaysia, Borneo, Philippines","Exotica","Hymenoptera","Apidae","Apis mellifera","Bees"
"148","Macadamia integrifolia Maiden & Betche","Protaceae","New South Wales, Queensland","Exotica","Hymenoptera","Apidae","Apis mellifera","Bees"
"149","Ocimum basilicum; Ocimum selloi ","Lamiaceae","Tropics & Subtropics","Nativa","Hymenoptera","Apidae","Apis mellifera","Bees"
"150","Ocimum basilicum; Ocimum selloi ","Lamiaceae","Tropics & Subtropics","Nativa","Hymenoptera","Halictidae","Augochloropsis electra","Bees"
"151","Passiflora cincinnata Mast.","Passifloraceae","S. Tropical America","Nativa","Hymenoptera","Apidae","Centris sp.","Bees"
"152","Passiflora cincinnata Mast.","Passifloraceae","S. Tropical America","Nativa","Hymenoptera","Apidae","Xylocopa grisescens","Bees"
"153","Passiflora alata","Passifloraceae","Ecuador to Brazil and NE. Argentina","Nativa","Hymenoptera","Apidae","Acantophus excellens","Bees"
"154","Passiflora alata","Passifloraceae","Ecuador to Brazil and NE. Argentina","Nativa","Hymenoptera","Apidae","Bombus pauloensis","Bees"
"155","Passiflora alata","Passifloraceae","Ecuador to Brazil and NE. Argentina","Nativa","Hymenoptera","Apidae","Centris collaris","Bees"
"156","Passiflora alata","Passifloraceae","Ecuador to Brazil and NE. Argentina","Nativa","Hymenoptera","Apidae","Centris denudans","Bees"
"157","Passiflora alata","Passifloraceae","Ecuador to Brazil and NE. Argentina","Nativa","Hymenoptera","Apidae","Centris flavifrons","Bees"
"158","Passiflora alata","Passifloraceae","Ecuador to Brazil and NE. Argentina","Nativa","Hymenoptera","Apidae","Centris longimana","Bees"
"159","Passiflora alata","Passifloraceae","Ecuador to Brazil and NE. Argentina","Nativa","Hymenoptera","Apidae","Centris lutea","Bees"
"160","Passiflora alata","Passifloraceae","Ecuador to Brazil and NE. Argentina","Nativa","Hymenoptera","Apidae","Centris scopipes","Bees"
"161","Passiflora alata","Passifloraceae","Ecuador to Brazil and NE. Argentina","Nativa","Hymenoptera","Apidae","Centris similis","Bees"
"162","Passiflora alata","Passifloraceae","Ecuador to Brazil and NE. Argentina","Nativa","Hymenoptera","Apidae","Centris tarsata","Bees"
"163","Passiflora alata","Passifloraceae","Ecuador to Brazil and NE. Argentina","Nativa","Hymenoptera","Apidae","Centris sponsa","Bees"
"164","Passiflora alata","Passifloraceae","Ecuador to Brazil and NE. Argentina","Nativa","Hymenoptera","Apidae","Epicharis affinis","Bees"
"165","Passiflora alata","Passifloraceae","Ecuador to Brazil and NE. Argentina","Nativa","Hymenoptera","Apidae","Epicharis bicolor","Bees"
"166","Passiflora alata","Passifloraceae","Ecuador to Brazil and NE. Argentina","Nativa","Hymenoptera","Apidae","Epicharis fasciata","Bees"
"167","Passiflora alata","Passifloraceae","Ecuador to Brazil and NE. Argentina","Nativa","Hymenoptera","Apidae","Epicharis flava","Bees"
"168","Passiflora alata","Passifloraceae","Ecuador to Brazil and NE. Argentina","Nativa","Hymenoptera","Apidae","Euglossa sp.","Bees"
"169","Passiflora alata","Passifloraceae","Ecuador to Brazil and NE. Argentina","Nativa","Hymenoptera","Apidae","Eulaema cingulata","Bees"
"170","Passiflora alata","Passifloraceae","Ecuador to Brazil and NE. Argentina","Nativa","Hymenoptera","Apidae","Eulaema nigrita","Bees"
"171","Passiflora alata","Passifloraceae","Ecuador to Brazil and NE. Argentina","Nativa","Hymenoptera","Apidae","Xylocopa frontalis","Bees"
"172","Passiflora alata","Passifloraceae","Ecuador to Brazil and NE. Argentina","Nativa","Hymenoptera","Apidae","Xylocopa ordinaria","Bees"
"173","Passiflora alata","Passifloraceae","Ecuador to Brazil and NE. Argentina","Nativa","Hymenoptera","Apidae","Xylocopa suspecta","Bees"
"174","Rubus spp.","Rosaceae","Cosmopolita","Nativa","Hymenoptera","Apidae","Apis mellifera","Bees"
"175","Passiflora coccinea Aubl.","Passifloraceae","S. Tropical America","Nativa","Apodiformes","Trochilidae","Amazilia sp.","Vertebrates"
"176","Passiflora coccinea Aubl.","Passifloraceae","S. Tropical America","Nativa","Apodiformes","Trochilidae","Phaetornis superciliosus","Vertebrates"
"177","Passiflora nitida Kunth","Passifloraceae","Costa Rica to S. Tropical America","Nativa","Hymenoptera","Apidae","Xylocopa frontalis","Bees"
"178","Passiflora nitida Kunth","Passifloraceae","Costa Rica to S. Tropical America","Nativa","Hymenoptera","Apidae","Xylocopa grisescens","Bees"
"179","Psidium firmum O.Berg","Myrtaceae","Brazil Northeast, Brazil Southeast, Brazil West-Central","Nativa","Hymenoptera","Apidae","Bombus sp.","Bees"
"180","Annona crassiflora Mart.","Annonaceae","Brazil, Paraguay","Nativa","Coleoptera","Scarabaeidae","Cyclocephala atricapilla","Other insects"
"181","Annona crassiflora Mart.","Annonaceae","Brazil, Paraguay","Nativa","Coleoptera","Melolonthidae","Arriguttia brevissima","Other insects"
"182","Annona crassiflora Mart.","Annonaceae","Brazil, Paraguay","Nativa","Coleoptera","Scarabaeidae","Cyclocephala atricapilla","Other insects"
"183","Annona crassiflora Mart.","Annonaceae","Brazil, Paraguay","Nativa","Coleoptera","Scarabaeidae","Cyclocephala octopunctata","Other insects"
"184","Annona crassiflora Mart.","Annonaceae","Brazil, Paraguay","Nativa","Coleoptera","Scarabaeidae","Cyclocephala ohausiana","Other insects"
"185","Annona crassiflora Mart.","Annonaceae","Brazil, Paraguay","Nativa","Coleoptera","Scarabaeidae","Cyclocephala quatuordecumpunctata","Other insects"
"186","Annona coriacea Mart.","Annonaceae","Bolivia, Brazil, Paraguay","Nativa","Coleoptera","Scarabaeidae","Cyclocephala undata","Other insects"
"187","Vaccinium corymbosum L.","Ericaceae","U.S.A.","Exotica","Hymenoptera","Apidae","Apis mellifera","Bees"
"188","Vaccinium corymbosum L.","Ericaceae","U.S.A.","Exotica","Hymenoptera","Apidae","Bombus atratus","Bees"
"189","Vaccinium corymbosum L.","Ericaceae","U.S.A.","Exotica","Hymenoptera","Apidae","Bombus morio","Bees"
"190","Vaccinium corymbosum L.","Ericaceae","U.S.A.","Exotica","Hymenoptera","Apidae","Xylocopa hirsutissima","Bees"
"191","Vaccinium corymbosum L.","Ericaceae","U.S.A.","Exotica","Hymenoptera","Apidae","Xylocopa subcyanea","Bees"
"192","Fragaria x ananassa","Rosaceae","artificial hybrid","Exotica","Hymenoptera","Apidae","Apis mellifera","Bees"
"193","Fragaria x ananassa","Rosaceae","artificial hybrid","Exotica","Hymenoptera","Apidae","Nannotrigona testaceicornis","Bees"
"194","Fragaria x ananassa","Rosaceae","artificial hybrid","Exotica","Hymenoptera","Apidae","Plebeia nigriceps","Bees"
"195","Fragaria x ananassa","Rosaceae","artificial hybrid","Exotica","Hymenoptera","Apidae","Scaptotrigona  sp.","Bees"
"196","Fragaria x ananassa","Rosaceae","artificial hybrid","Exotica","Hymenoptera","Apidae","Tetragonisca angustula","Bees"
"197","Fragaria x ananassa","Rosaceae","artificial hybrid","Exotica","Hymenoptera","Apidae","Trigona sp.","Bees"
"198","Adesmia exilis Clos","Fabaceae","Argentina Northwest, Chile Central","Exotica","Hymenoptera","Megachilidae","Megachile sp.","Bees"
"199","Byrsonima coccolobifolia Kunth","Malpighiaceae","Cuba, Tropical America","Nativa","Hymenoptera","Apidae","Centris aenea","Bees"
"200","Byrsonima coccolobifolia Kunth","Malpighiaceae","Cuba, Tropical America","Nativa","Hymenoptera","Apidae","Epicharis cockerelli","Bees"
"201","Byrsonima coccolobifolia Kunth","Malpighiaceae","Cuba, Tropical America","Nativa","Hymenoptera","Apidae","Paratetrapedia flavolineata","Bees"
"202","Byrsonima coccolobifolia Kunth","Malpighiaceae","Cuba, Tropical America","Nativa","Hymenoptera","Apidae","Tetragonisca angustula","Bees"
"203","Byrsonima coccolobifolia Kunth","Malpighiaceae","Cuba, Tropical America","Nativa","Hymenoptera","Apidae","Paratrigona lineata","Bees"
"204","Byrsonima coccolobifolia Kunth","Malpighiaceae","Cuba, Tropical America","Nativa","Hymenoptera","Halictidae","Augochloropsis callichroa","Bees"
"205","Byrsonima gardneriana A.Juss.","Malpighiaceae","Brazil","Nativa","Hymenoptera","Apidae","Centris sp.","Bees"
"206","Byrsonima gardneriana A.Juss.","Malpighiaceae","Brazil","Nativa","Hymenoptera","Apidae","Trigona sp.","Bees"
"207","Mouriri guianensis Triana","Melastomataceae","Tropical America","Nativa","Hymenoptera","Apidae","Melipona subnitida","Bees"
"208","Mouriri guianensis Triana","Melastomataceae","Tropical America","Nativa","Hymenoptera","Apidae","Trigona sp.","Bees"
"209","Mouriri guianensis Triana","Melastomataceae","Tropical America","Nativa","Hymenoptera","Apidae","Xylocopa cearensis","Bees"
"210","Mouriri guianensis Triana","Melastomataceae","Tropical America","Nativa","Hymenoptera","Apidae","Xylocopa grisescens","Bees"
"211","Mouriri guianensis Triana","Melastomataceae","Tropical America","Nativa","Hymenoptera","Halictidae","Megalopta amoena","Bees"
"212","Blepharocalyx salicifolius (Kunth) O.Berg","Myrtaceae","Brazil to N. Argentina","Nativa","Hymenoptera","Apidae","Bombus atratus","Bees"
"213","Blepharocalyx salicifolius (Kunth) O.Berg","Myrtaceae","Brazil to N. Argentina","Nativa","Hymenoptera","Apidae","Centris violaceae","Bees"
"214","Blepharocalyx salicifolius (Kunth) O.Berg","Myrtaceae","Brazil to N. Argentina","Nativa","Hymenoptera","Apidae","Melipona quinquefascia","Bees"
"215","Blepharocalyx salicifolius (Kunth) O.Berg","Myrtaceae","Brazil to N. Argentina","Nativa","Hymenoptera","Apidae","Xylocopa frontalis","Bees"
"216","Blepharocalyx salicifolius (Kunth) O.Berg","Myrtaceae","Brazil to N. Argentina","Nativa","Hymenoptera","Halictidae","Ceratalictus theius","Bees"
"217","Attalea phalerata Mart. ex Spreng.","Arecaceae","Colombia to Bolivia and Brazil","Nativa","Coleoptera","Curculionidae","Celetes sp.","Other insects"
"218","Attalea phalerata Mart. ex Spreng.","Arecaceae","Colombia to Bolivia and Brazil","Nativa","Coleoptera","Curculionidae","Madrarini sp.","Other insects"
"219","Attalea phalerata Mart. ex Spreng.","Arecaceae","Colombia to Bolivia and Brazil","Nativa","Coleoptera","Nitidulidae","Colopterus sp.","Other insects"
"220","Attalea phalerata Mart. ex Spreng.","Arecaceae","Colombia to Bolivia and Brazil","Nativa","Coleoptera","Nitidulidae","Mystrops sp.","Other insects"
"221","Bactris glaucescens  Drude","Arecaceae","Brazil to  Paraguay","Nativa","Coleoptera","Curculionidae","Derelomus sp.","Other insects"
"222","Bactris glaucescens  Drude","Arecaceae","Brazil to  Paraguay","Nativa","Coleoptera","Curculionidae","Paratenetus sp.","Other insects"
"223","Capsicum annuum L.","Solanaceae","South and Central America","Exotica","Hymenoptera","Apidae","Trigona spinipes","Bees"
"224","Capsicum annuum L.","Solanaceae","South and Central America","Exotica","Hymenoptera","Apidae","Xylocopa suspecta","Bees"
"225","Capsicum annuum L.","Solanaceae","South and Central America","Exotica","Hymenoptera","Halictidae","Augochloropsis cupreola","Bees"
"226","Dipteryx alata Vogel","Fabaceae","Bolivia, Brazil, Paraguay","Nativa","Hymenoptera","Halictidae","Pseudaugochlora graminea","Bees"
"227","Capsicum annuum L.","Solanaceae","South and Central America","Exotica","Hymenoptera","Apidae","Frieseomelitta varia","Bees"
"228","Xylopia brasiliensis Spreng.","Annonaceae","Brazil to Argentina","Nativa","Coleoptera","Anthicidae","Acanthinus sp.","Other insects"
"229","Xylopia brasiliensis Spreng.","Annonaceae","Brazil to Argentina","Nativa","Coleoptera","Chrysomelidae","Brachypnoea nana","Other insects"
"230","Xylopia brasiliensis Spreng.","Annonaceae","Brazil to Argentina","Nativa","Coleoptera","Chrysomelidae","Brachypnoea venustula","Other insects"
"231","Caryocar villosum (Aubl.) Pers.","Caryocaceae","South America to N. Bolivia.","Nativa","Chiroptera","Phyllostomidae","Phyllostomus discolor","Vertebrates"
"232","Caryocar villosum (Aubl.) Pers.","Caryocaceae","South America to N. Bolivia.","Nativa","Lepidoptera","Sphingidae","Pachylia ficus","Other insects"
"233","Abelmoschus esculentu (L.) Moench","Malvaceae","Bangladesh, India, Myanmar","Exotica","Coleoptera","Chrysomelidae","Diabrotica speciosa","Other insects"
"234","Abelmoschus esculentu (L.) Moench","Malvaceae","Bangladesh, India, Myanmar","Exotica","Hymenoptera","Apidae","Apis mellifera","Bees"
"235","Punica granatum L.","Lythraceae","Turkey to W. & N. Pakistan","Exotica","Hymenoptera","Apidae","Trigona sp.","Bees"
"236","Glycine wightii","Fabaceae","Medit. to Central Asia and NW. India, Ethiopia.","Exotica","Hymenoptera","Apidae","Apis mellifera","Bees"
"237","Astrocaryum vulgare Mart.","Arecaceae","N. South America to Central Brazil","Nativa","Coleoptera","Curculionidae","Terires minusculus","Other insects"
"238","Astrocaryum vulgare Mart.","Arecaceae","N. South America to Central Brazil","Nativa","Coleoptera","Nitidulidae","Mystrops sp.","Other insects"
"239","Vanilla bahiana Hoehne; Vanilla chamissonis Klotzsch","Orchidaceae","Bolivia, Brazil, French Guiana","Nativa","Hymenoptera","Apidae","Eulaema sp.","Bees"
"240","Solanum tuberosum L.","Solanaceae","East S. America","Exotica","Hymenoptera","Apidae","Eulaema sp.","Bees"
"241","Solanum tuberosum L.","Solanaceae","East S. America","Exotica","Hymenoptera","Andrenidae","Oxaea flavescens","Bees"
"242","Solanum tuberosum L.","Solanaceae","East S. America","Exotica","Hymenoptera","Apidae","Bombus atratus","Bees"
"243","Solanum tuberosum L.","Solanaceae","East S. America","Exotica","Hymenoptera","Apidae","Bombus morio","Bees"
"244","Solanum tuberosum L.","Solanaceae","East S. America","Exotica","Hymenoptera","Apidae","Centris sp.","Bees"
"245","Solanum tuberosum L.","Solanaceae","East S. America","Exotica","Hymenoptera","Apidae","Epicharis sp.","Bees"
"246","Solanum tuberosum L.","Solanaceae","East S. America","Exotica","Hymenoptera","Apidae","Exomalopsis sp.","Bees"
"247","Solanum tuberosum L.","Solanaceae","East S. America","Exotica","Hymenoptera","Apidae","Melipona fasciculata","Bees"
"248","Solanum tuberosum L.","Solanaceae","East S. America","Exotica","Hymenoptera","Apidae","Thygater sp.","Bees"
"249","Solanum tuberosum L.","Solanaceae","East S. America","Exotica","Hymenoptera","Apidae","Xylocopa sp.","Bees"
"250","Mauritia flexuosa L.f.","Arecaceae","Bolivia, Brazil, Colombia, Ecuador, French Guiana, Guyana, Peru, Suriname, Trinidad-Tobago, Venezuela","Nativa","Hymenoptera","Halictidae","Pseudaugochlora graminea","Bees"
"251","Mauritia flexuosa L.f.","Arecaceae","Bolivia, Brazil, Colombia, Ecuador, French Guiana, Guyana, Peru, Suriname, Trinidad-Tobago, Venezuela","Nativa","Coleoptera","Curculionidae","Andranthobius sp.","Other insects"
"252","Mauritia flexuosa L.f.","Arecaceae","Bolivia, Brazil, Colombia, Ecuador, French Guiana, Guyana, Peru, Suriname, Trinidad-Tobago, Venezuela","Nativa","Coleoptera","Curculionidae","Celetes sp.","Other insects"
"253","Mauritia flexuosa L.f.","Arecaceae","Bolivia, Brazil, Colombia, Ecuador, French Guiana, Guyana, Peru, Suriname, Trinidad-Tobago, Venezuela","Nativa","Coleoptera","Curculionidae","Grasidius sp.","Other insects"
"254","Mauritia flexuosa L.f.","Arecaceae","Bolivia, Brazil, Colombia, Ecuador, French Guiana, Guyana, Peru, Suriname, Trinidad-Tobago, Venezuela","Nativa","Coleoptera","Curculionidae","Homalinotus hystrix","Other insects"
"255","Mauritia flexuosa L.f.","Arecaceae","Bolivia, Brazil, Colombia, Ecuador, French Guiana, Guyana, Peru, Suriname, Trinidad-Tobago, Venezuela","Nativa","Coleoptera","Curculionidae","Parisoschoenus sp.","Other insects"
"256","Mauritia flexuosa L.f.","Arecaceae","Bolivia, Brazil, Colombia, Ecuador, French Guiana, Guyana, Peru, Suriname, Trinidad-Tobago, Venezuela","Nativa","Coleoptera","Curculionidae","Phytotribus sp.","Other insects"
"257","Mauritia flexuosa L.f.","Arecaceae","Bolivia, Brazil, Colombia, Ecuador, French Guiana, Guyana, Peru, Suriname, Trinidad-Tobago, Venezuela","Nativa","Coleoptera","Curculionidae","Rhina barbirostris","Other insects"
"258","Mauritia flexuosa L.f.","Arecaceae","Bolivia, Brazil, Colombia, Ecuador, French Guiana, Guyana, Peru, Suriname, Trinidad-Tobago, Venezuela","Nativa","Coleoptera","Curculionidae","Terires sp.","Other insects"
"259","Mauritia flexuosa L.f.","Arecaceae","Bolivia, Brazil, Colombia, Ecuador, French Guiana, Guyana, Peru, Suriname, Trinidad-Tobago, Venezuela","Nativa","Coleoptera","Curculionidae","Theantis rhomboidea","Other insects"
"260","Coffea arabica L.","Rubiaceae","Ethiopia, Kenya, Sudan","Exotica","Hymenoptera","Apidae","Apis mellifera","Bees"
"261","Coffea arabica L.","Rubiaceae","Ethiopia, Kenya, Sudan","Exotica","Hymenoptera","Apidae","Melipona quadrifasciata","Bees"
"262","Coffea arabica L.","Rubiaceae","Ethiopia, Kenya, Sudan","Exotica","Hymenoptera","Apidae","Tetragonisca angustula","Bees"
"263","Coffea arabica L.","Rubiaceae","Ethiopia, Kenya, Sudan","Exotica","Hymenoptera","Apidae","Trigona spinipes","Bees"
"264","Coffea arabica L.","Rubiaceae","Ethiopia, Kenya, Sudan","Exotica","Hymenoptera","Apidae","Xylocopa sp.","Bees"
"265","Eugenia dysenterica DC.","Myrtaceae","Bolivia, Brazil North, Brazil Northeast, Brazil Southeast, Brazil West-Central","Nativa","Hymenoptera","Apidae","Bombus sp.","Bees"
"266","Eugenia dysenterica DC.","Myrtaceae","Bolivia, Brazil North, Brazil Northeast, Brazil Southeast, Brazil West-Central","Nativa","Hymenoptera","Apidae","Ceratina sp.","Bees"
"267","Spondias mombin L.","Anacardiaceae","Mexico to Tropical America.","Nativa","Hymenoptera","Apidae","Apis mellifera","Bees"
"268","Spondias mombin L.","Anacardiaceae","Mexico to Tropical America.","Nativa","Hymenoptera","Apidae","Centris sp.","Bees"
"269","Spondias mombin L.","Anacardiaceae","Mexico to Tropical America.","Nativa","Hymenoptera","Apidae","Exomalopsis analis","Bees"
"270","Spondias mombin L.","Anacardiaceae","Mexico to Tropical America.","Nativa","Hymenoptera","Apidae","Exomalopsis auropilosa","Bees"
"271","Spondias mombin L.","Anacardiaceae","Mexico to Tropical America.","Nativa","Hymenoptera","Apidae","Eulaema nigrita","Bees"
"272","Spondias mombin L.","Anacardiaceae","Mexico to Tropical America.","Nativa","Hymenoptera","Apidae","Frieseomelitta deoderleini","Bees"
"273","Spondias mombin L.","Anacardiaceae","Mexico to Tropical America.","Nativa","Hymenoptera","Apidae","Melipona scutellaris","Bees"
"274","Spondias mombin L.","Anacardiaceae","Mexico to Tropical America.","Nativa","Hymenoptera","Apidae","Plebeia flavocinta","Bees"
"275","Spondias mombin L.","Anacardiaceae","Mexico to Tropical America.","Nativa","Hymenoptera","Apidae","Scaptotrigona aff. Tubiba","Bees"
"276","Spondias mombin L.","Anacardiaceae","Mexico to Tropical America.","Nativa","Hymenoptera","Apidae","Trigona fuscipennis","Bees"
"277","Spondias mombin L.","Anacardiaceae","Mexico to Tropical America.","Nativa","Hymenoptera","Apidae","Trigona spinipes","Bees"
"278","Spondias mombin L.","Anacardiaceae","Mexico to Tropical America.","Nativa","Hymenoptera","Apidae","Xylocopa grisescens","Bees"
"279","Spondias mombin L.","Anacardiaceae","Mexico to Tropical America.","Nativa","Hymenoptera","Apidae","Xylocopa cearensis","Bees"
"280","Spondias mombin L.","Anacardiaceae","Mexico to Tropical America.","Nativa","Hymenoptera","Colletidae","Hylaeus sp.","Bees"
"281","Spondias mombin L.","Anacardiaceae","Mexico to Tropical America.","Nativa","Hymenoptera","Colletidae","Ptiloglossa goffergei","Bees"
"282","Spondias mombin L.","Anacardiaceae","Mexico to Tropical America.","Nativa","Hymenoptera","Halictidae","Augochlora sp.","Bees"
"283","Spondias mombin L.","Anacardiaceae","Mexico to Tropical America.","Nativa","Hymenoptera","Halictidae","Augochloropsis sp.","Bees"
"284","Spondias mombin L.","Anacardiaceae","Mexico to Tropical America.","Nativa","Hymenoptera","Halictidae","Dialictus opacus","Bees"
"285","Spondias mombin L.","Anacardiaceae","Mexico to Tropical America.","Nativa","Hymenoptera","Halictidae","Megalopta amoena","Bees"
"286","Anacardium occidentale L.","Anacardiaceae","Bolivia, Brazil, Colombia, Ecuador, French Guiana, Guyana, Peru, Suriname, Trinidad-Tobago, Venezuela","Nativa","Hymenoptera","Apidae","Apis mellifera","Bees"
"287","Anacardium occidentale L.","Anacardiaceae","Bolivia, Brazil, Colombia, Ecuador, French Guiana, Guyana, Peru, Suriname, Trinidad-Tobago, Venezuela","Nativa","Hymenoptera","Apidae","Centris tarsata","Bees"
"288","Campomanesia phaea (O.Berg) Landrum","Myrtaceae","Brazil ","Nativa","Hymenoptera","Apidae","Apis mellifera","Bees"
"289","Campomanesia phaea (O.Berg) Landrum","Myrtaceae","Brazil ","Nativa","Hymenoptera","Colletidae","Ptiloglossa latecalcarata","Bees"
"290","Campomanesia phaea (O.Berg) Landrum","Myrtaceae","Brazil ","Nativa","Hymenoptera","Halictidae","Megalopta sodalis","Bees"
"291","Campomanesia phaea (O.Berg) Landrum","Myrtaceae","Brazil ","Nativa","Hymenoptera","Halictidae","Megommation insigne","Bees"
"292","Brassica napus L.","Brassicaceae","France","Nativa","Hymenoptera","Apidae","Apis mellifera","Bees"
"293","Brassica napus L.","Brassicaceae","France","Nativa","Hymenoptera","Apidae","Plebeia emerina","Bees"
"294","Brassica napus L.","Brassicaceae","France","Nativa","Hymenoptera","Apidae","Tetragonisca fiebrigi","Bees"
"295","Bertholletia excelsa Bonpl.","Lecythidaceae","S. Tropical America.","Nativa","Hymenoptera","Apidae","Apis mellifera","Bees"
"296","Bertholletia excelsa Bonpl.","Lecythidaceae","S. Tropical America.","Nativa","Hymenoptera","Apidae","Bombus brevivillus","Bees"
"297","Bertholletia excelsa Bonpl.","Lecythidaceae","S. Tropical America.","Nativa","Hymenoptera","Apidae","Bombus transversalis","Bees"
"298","Bertholletia excelsa Bonpl.","Lecythidaceae","S. Tropical America.","Nativa","Hymenoptera","Apidae","Centris americana","Bees"
"299","Bertholletia excelsa Bonpl.","Lecythidaceae","S. Tropical America.","Nativa","Hymenoptera","Apidae","Centris carrikeri","Bees"
"300","Bertholletia excelsa Bonpl.","Lecythidaceae","S. Tropical America.","Nativa","Hymenoptera","Apidae","Centris denudans","Bees"
"301","Bertholletia excelsa Bonpl.","Lecythidaceae","S. Tropical America.","Nativa","Hymenoptera","Apidae","Centris dimidiata","Bees"
"302","Bertholletia excelsa Bonpl.","Lecythidaceae","S. Tropical America.","Nativa","Hymenoptera","Apidae","Centris ferruginea","Bees"
"303","Bertholletia excelsa Bonpl.","Lecythidaceae","S. Tropical America.","Nativa","Hymenoptera","Apidae","Centris flavifrons","Bees"
"304","Bertholletia excelsa Bonpl.","Lecythidaceae","S. Tropical America.","Nativa","Hymenoptera","Apidae","Cantris flavilabris","Bees"
"305","Bertholletia excelsa Bonpl.","Lecythidaceae","S. Tropical America.","Nativa","Hymenoptera","Apidae","Centris similis","Bees"
"306","Bertholletia excelsa Bonpl.","Lecythidaceae","S. Tropical America.","Nativa","Hymenoptera","Apidae","Epicharis affinis","Bees"
"307","Bertholletia excelsa Bonpl.","Lecythidaceae","S. Tropical America.","Nativa","Hymenoptera","Apidae","Epicharis conica","Bees"
"308","Bertholletia excelsa Bonpl.","Lecythidaceae","S. Tropical America.","Nativa","Hymenoptera","Apidae","Epicharis flava","Bees"
"309","Bertholletia excelsa Bonpl.","Lecythidaceae","S. Tropical America.","Nativa","Hymenoptera","Apidae","Epicharis rustica","Bees"
"310","Bertholletia excelsa Bonpl.","Lecythidaceae","S. Tropical America.","Nativa","Hymenoptera","Apidae","Epicharis umbraculata","Bees"
"311","Bertholletia excelsa Bonpl.","Lecythidaceae","S. Tropical America.","Nativa","Hymenoptera","Apidae","Ephicaris donata","Bees"
"312","Bertholletia excelsa Bonpl.","Lecythidaceae","S. Tropical America.","Nativa","Hymenoptera","Apidae","Eufriesea flaviventris","Bees"
"313","Bertholletia excelsa Bonpl.","Lecythidaceae","S. Tropical America.","Nativa","Hymenoptera","Apidae","Eufriesea purpurata","Bees"
"314","Bertholletia excelsa Bonpl.","Lecythidaceae","S. Tropical America.","Nativa","Hymenoptera","Apidae","Euglossa intersecta","Bees"
"315","Bertholletia excelsa Bonpl.","Lecythidaceae","S. Tropical America.","Nativa","Hymenoptera","Apidae","Eulaema bombiformis","Bees"
"316","Bertholletia excelsa Bonpl.","Lecythidaceae","S. Tropical America.","Nativa","Hymenoptera","Apidae","Eulaema cingulata","Bees"
"317","Bertholletia excelsa Bonpl.","Lecythidaceae","S. Tropical America.","Nativa","Hymenoptera","Apidae","Eulaema meriana","Bees"
"318","Bertholletia excelsa Bonpl.","Lecythidaceae","S. Tropical America.","Nativa","Hymenoptera","Apidae","Eulaema mocsaryi","Bees"
"319","Bertholletia excelsa Bonpl.","Lecythidaceae","S. Tropical America.","Nativa","Hymenoptera","Apidae","Eulaema nigrita","Bees"
"320","Bertholletia excelsa Bonpl.","Lecythidaceae","S. Tropical America.","Nativa","Hymenoptera","Apidae","Exomalopsis analis","Bees"
"321","Bertholletia excelsa Bonpl.","Lecythidaceae","S. Tropical America.","Nativa","Hymenoptera","Apidae","Xylocopa aurulenta","Bees"
"322","Bertholletia excelsa Bonpl.","Lecythidaceae","S. Tropical America.","Nativa","Hymenoptera","Apidae","Xylocopa frontalis","Bees"
"323","Bertholletia excelsa Bonpl.","Lecythidaceae","S. Tropical America.","Nativa","Hymenoptera","Apidae","Xylocopa muscaria","Bees"
"324","Bertholletia excelsa Bonpl.","Lecythidaceae","S. Tropical America.","Nativa","Hymenoptera","Megachilidae","Megachile sp.","Bees"
"325","Allium cepa L.","Amaryllidaceae","Central Asia","Exotica","Hymenoptera","Andrenidae","Antheronides sp.","Bees"
"326","Allium cepa L.","Amaryllidaceae","Central Asia","Exotica","Hymenoptera","Andrenidae","Acamptopoeum sp.","Bees"
"327","Allium cepa L.","Amaryllidaceae","Central Asia","Exotica","Hymenoptera","Apidae","Apis mellifera","Bees"
"328","Allium cepa L.","Amaryllidaceae","Central Asia","Exotica","Hymenoptera","Apidae","Bombus atratus","Bees"
"329","Allium cepa L.","Amaryllidaceae","Central Asia","Exotica","Hymenoptera","Apidae","Bombus bellicosus","Bees"
"330","Allium cepa L.","Amaryllidaceae","Central Asia","Exotica","Hymenoptera","Apidae","Mourella caerulea","Bees"
"331","Allium cepa L.","Amaryllidaceae","Central Asia","Exotica","Hymenoptera","Apidae","Xylocopa augusti","Bees"
"332","Allium cepa L.","Amaryllidaceae","Central Asia","Exotica","Hymenoptera","Apidae","Xylocopa frontalis","Bees"
"333","Allium cepa L.","Amaryllidaceae","Central Asia","Exotica","Hymenoptera","Halictidae","Augochlora semiramis","Bees"
"334","Allium cepa L.","Amaryllidaceae","Central Asia","Exotica","Hymenoptera","Halictidae","Augochlorella iopoecila","Bees"
"335","Allium cepa L.","Amaryllidaceae","Central Asia","Exotica","Hymenoptera","Halictidae","Augochloropsis cleopatra","Bees"
"336","Allium cepa L.","Amaryllidaceae","Central Asia","Exotica","Hymenoptera","Halictidae","Dialictus sp.","Bees"
"337","Allium cepa L.","Amaryllidaceae","Central Asia","Exotica","Hymenoptera","Halictidae","Paroxystoglossa sp.","Bees"
"338","Allium cepa L.","Amaryllidaceae","Central Asia","Exotica","Hymenoptera","Halictidae","Pseudagapostemon sp.","Bees"
"339","Allium cepa L.","Amaryllidaceae","Central Asia","Exotica","Hymenoptera","Halictidae","Thectochlora alaris","Bees"
"340","Copaifera langsdorffii Desf.","Fabaceae","Argentina Northeast, Bolivia, Brazil, Guyana, Paraguay","Nativa","Hymenoptera","Apidae","Apis mellifera","Bees"
"341","Copaifera langsdorffii Desf.","Fabaceae","Argentina Northeast, Bolivia, Brazil, Guyana, Paraguay","Nativa","Hymenoptera","Apidae","Exomalopsis sp.","Bees"
"342","Copaifera langsdorffii Desf.","Fabaceae","Argentina Northeast, Bolivia, Brazil, Guyana, Paraguay","Nativa","Hymenoptera","Apidae","Scaptotrigona depilis","Bees"
"343","Copaifera langsdorffii Desf.","Fabaceae","Argentina Northeast, Bolivia, Brazil, Guyana, Paraguay","Nativa","Hymenoptera","Apidae","Trigona spinipes","Bees"
"344","Copaifera langsdorffii Desf.","Fabaceae","Argentina Northeast, Bolivia, Brazil, Guyana, Paraguay","Nativa","Hymenoptera","Halictidae","Augochlorella sp.","Bees"
"345","Copaifera langsdorffii Desf.","Fabaceae","Argentina Northeast, Bolivia, Brazil, Guyana, Paraguay","Nativa","Hymenoptera","Halictidae","Temnosoma sp.","Bees"
"346","Theobroma grandiflorum (Willd. ex Spreng.) K.Schum.","Malvaceae","Bolivia, Brazil North, Guyana, Honduras, Venezuela","Nativa","Coleoptera","Chrysomelidae","Antityphona sp.","Other insects"
"347","Theobroma grandiflorum (Willd. ex Spreng.) K.Schum.","Malvaceae","Bolivia, Brazil North, Guyana, Honduras, Venezuela","Nativa","Coleoptera","Curculionidae","Baris sp.","Other insects"
"348","Theobroma grandiflorum (Willd. ex Spreng.) K.Schum.","Malvaceae","Bolivia, Brazil North, Guyana, Honduras, Venezuela","Nativa","Hymenoptera","Apidae","Aparatrigona impuctata","Bees"
"349","Theobroma grandiflorum (Willd. ex Spreng.) K.Schum.","Malvaceae","Bolivia, Brazil North, Guyana, Honduras, Venezuela","Nativa","Hymenoptera","Apidae","Apis mellifera","Bees"
"350","Theobroma grandiflorum (Willd. ex Spreng.) K.Schum.","Malvaceae","Bolivia, Brazil North, Guyana, Honduras, Venezuela","Nativa","Hymenoptera","Apidae","Frieseomelitta silvestre","Bees"
"351","Theobroma grandiflorum (Willd. ex Spreng.) K.Schum.","Malvaceae","Bolivia, Brazil North, Guyana, Honduras, Venezuela","Nativa","Hymenoptera","Apidae","Pitlotrigona lurida","Bees"
"352","Theobroma grandiflorum (Willd. ex Spreng.) K.Schum.","Malvaceae","Bolivia, Brazil North, Guyana, Honduras, Venezuela","Nativa","Hymenoptera","Apidae","Plebeia minima","Bees"
"353","Theobroma grandiflorum (Willd. ex Spreng.) K.Schum.","Malvaceae","Bolivia, Brazil North, Guyana, Honduras, Venezuela","Nativa","Hymenoptera","Apidae","Tetragona clavipes","Bees"
"354","Theobroma grandiflorum (Willd. ex Spreng.) K.Schum.","Malvaceae","Bolivia, Brazil North, Guyana, Honduras, Venezuela","Nativa","Hymenoptera","Apidae","Tetragonisca angustula","Bees"
"355","Theobroma grandiflorum (Willd. ex Spreng.) K.Schum.","Malvaceae","Bolivia, Brazil North, Guyana, Honduras, Venezuela","Nativa","Hymenoptera","Apidae","Trigona fulviventris","Bees"
"356","Theobroma grandiflorum (Willd. ex Spreng.) K.Schum.","Malvaceae","Bolivia, Brazil North, Guyana, Honduras, Venezuela","Nativa","Hymenoptera","Apidae","Trigona pallens","Bees"
"357","Elaeis guineensis Jacq.","Arecaceae","Tropical Africa","Exotica","Coleoptera","Curculionidae","Elaeidobius kamerunicus","Other insects"
"358","Elaeis guineensis Jacq.","Arecaceae","Tropical Africa","Exotica","Coleoptera","Curculionidae","Elaeidobius subvittatus","Other insects"
"359","Elaeis guineensis Jacq.","Arecaceae","Tropical Africa","Exotica","Hymenoptera","Apidae","Apis mellifera","Bees"
"360","Elaeis guineensis Jacq.","Arecaceae","Tropical Africa","Exotica","Hymenoptera","Apidae","Partamona sp.","Bees"
"361","Elaeis guineensis Jacq.","Arecaceae","Tropical Africa","Exotica","Hymenoptera","Apidae","Trigona sp.","Bees"
"362","Vigna unguiculata (L.) Walp.","Fabaceae","Africa","Exotica","Hymenoptera","Apidae","Eulaema nigrita","Bees"
"363","Vigna unguiculata (L.) Walp.","Fabaceae","Africa","Exotica","Hymenoptera","Apidae","Xylocopa grisescens","Bees"
"364","Campomanesia pubescens (Mart. ex DC.) O.Berg","Myrtaceae","Brazil to Paraguay","Nativa","Hymenoptera","Apidae","Bombus morio","Bees"
"365","Sesamum indicum L.","Pedaliaceae","Assam, Bangladesh, India, West Himalaya","Exotica","Hymenoptera","Apidae","Apis mellifera","Bees"
"366","Sesamum indicum L.","Pedaliaceae","Assam, Bangladesh, India, West Himalaya","Exotica","Hymenoptera","Apidae","Trigona spinipes","Bees"
"367","Helianthus annuus L.","Asteraceae ","Bangladesh, U.S.A., Mexico","Exotica","Hymenoptera","Apidae","Apis mellifera","Bees"
"368","Helianthus annuus L.","Asteraceae ","Bangladesh, U.S.A., Mexico","Exotica","Hymenoptera","Apidae","Nannotrigona testaceicornis","Bees"
"369","Helianthus annuus L.","Asteraceae ","Bangladesh, U.S.A., Mexico","Exotica","Hymenoptera","Apidae","Trigona spinipes","Bees"
"370","Psidium guajava L.","Myrtaceae ","Tropical & Subtropical America","Nativa","Hymenoptera","Apidae","Apis mellifera","Bees"
"371","Psidium guajava L.","Myrtaceae ","Tropical & Subtropical America","Nativa","Hymenoptera","Apidae","Bombus morio","Bees"
"372","Psidium guajava L.","Myrtaceae ","Tropical & Subtropical America","Nativa","Hymenoptera","Apidae","Centris tarsata","Bees"
"373","Psidium guajava L.","Myrtaceae ","Tropical & Subtropical America","Nativa","Hymenoptera","Apidae","Epicharis flava","Bees"
"374","Psidium guajava L.","Myrtaceae ","Tropical & Subtropical America","Nativa","Hymenoptera","Apidae","Euglossa spp.","Bees"
"375","Psidium guajava L.","Myrtaceae ","Tropical & Subtropical America","Nativa","Hymenoptera","Apidae","Eulaema nigrita","Bees"
"376","Psidium guajava L.","Myrtaceae ","Tropical & Subtropical America","Nativa","Hymenoptera","Apidae","Melipona quadrifasciata","Bees"
"377","Psidium guajava L.","Myrtaceae ","Tropical & Subtropical America","Nativa","Hymenoptera","Apidae","Melipona subnitida","Bees"
"378","Psidium guajava L.","Myrtaceae ","Tropical & Subtropical America","Nativa","Hymenoptera","Apidae","Partamona cupira","Bees"
"379","Psidium guajava L.","Myrtaceae ","Tropical & Subtropical America","Nativa","Hymenoptera","Apidae","Tetragonisca angustula","Bees"
"380","Psidium guajava L.","Myrtaceae ","Tropical & Subtropical America","Nativa","Hymenoptera","Apidae","Trigona fulviventris","Bees"
"381","Psidium guajava L.","Myrtaceae ","Tropical & Subtropical America","Nativa","Hymenoptera","Apidae","Trigona hyalinata","Bees"
"382","Psidium guajava L.","Myrtaceae ","Tropical & Subtropical America","Nativa","Hymenoptera","Apidae","Trigona spinipes","Bees"
"383","Psidium guajava L.","Myrtaceae ","Tropical & Subtropical America","Nativa","Hymenoptera","Apidae","Xylocopa frontalis","Bees"
"384","Psidium guajava L.","Myrtaceae ","Tropical & Subtropical America","Nativa","Hymenoptera","Apidae","Xylocopa grisescens","Bees"
"385","Psidium guajava L.","Myrtaceae ","Tropical & Subtropical America","Nativa","Hymenoptera","Apidae","Xylocopa muscaria","Bees"
"386","Psidium guajava L.","Myrtaceae ","Tropical & Subtropical America","Nativa","Hymenoptera","Apidae","Xylocopa nigrocincta","Bees"
"387","Psidium guajava L.","Myrtaceae ","Tropical & Subtropical America","Nativa","Hymenoptera","Halictidae","Augochloropsis patens","Bees"
"388","Paullinia cupana Kunth","Sapindaceae","Brazil North, Colombia, Ecuador, Guyana, Peru, Venezuela","Nativa","Hymenoptera","Apidae","Apis mellifera","Bees"
"389","Paullinia cupana Kunth","Sapindaceae","Brazil North, Colombia, Ecuador, Guyana, Peru, Venezuela","Nativa","Hymenoptera","Apidae","Melipona seminigra","Bees"
"390","Paullinia cupana Kunth","Sapindaceae","Brazil North, Colombia, Ecuador, Guyana, Peru, Venezuela","Nativa","Hymenoptera","Apidae","Xylocopa muscaria","Bees"
"391","Campomanesia adamantium (Cambess.) O.Berg","Myrtaceae","Brazil to Paraguay","Nativa","Hymenoptera","Apidae","Apis mellifera","Bees"
"392","Campomanesia adamantium (Cambess.) O.Berg","Myrtaceae","Brazil to Paraguay","Nativa","Hymenoptera","Apidae","Exomalopsis sp.","Bees"
"393","Campomanesia adamantium (Cambess.) O.Berg","Myrtaceae","Brazil to Paraguay","Nativa","Hymenoptera","Apidae","Xylocopa sp.","Bees"
"394","Ziziphus joazeiro","Rhamanaceae","Argentina Northeast, Bolivia, Brazil Northeast, Honduras, Paraguay","Nativa","Hymenoptera","Apidae","Apis mellifera","Bees"
"395","Ziziphus joazeiro","Rhamanaceae","Argentina Northeast, Bolivia, Brazil Northeast, Honduras, Paraguay","Nativa","Hymenoptera","Vespidae","Brachygastra lecheguana","Other insects"
"396","Ziziphus joazeiro","Rhamanaceae","Argentina Northeast, Bolivia, Brazil Northeast, Honduras, Paraguay","Nativa","Hymenoptera","Vespidae","Polistes canadensis","Other insects"
"397","Ziziphus joazeiro","Rhamanaceae","Argentina Northeast, Bolivia, Brazil Northeast, Honduras, Paraguay","Nativa","Hymenoptera","Vespidae","Polybia ignobilis","Other insects"
"398","Ziziphus joazeiro","Rhamanaceae","Argentina Northeast, Bolivia, Brazil Northeast, Honduras, Paraguay","Nativa","Hymenoptera","Vespidae","Polybia ruficeps","Other insects"
"399","Ziziphus joazeiro","Rhamanaceae","Argentina Northeast, Bolivia, Brazil Northeast, Honduras, Paraguay","Nativa","Hymenoptera","Vespidae","Protonectarina sylveirae","Other insects"
"400","Solanum paniculatum Mart.","Solanaceae","Honduras, Brazil. Bolivia to Argentina ","Nativa","Hymenoptera","Apidae","Bombus atratus","Bees"
"401","Solanum paniculatum Mart.","Solanaceae","Honduras, Brazil. Bolivia to Argentina ","Nativa","Hymenoptera","Apidae","Bombus morio","Bees"
"402","Solanum paniculatum Mart.","Solanaceae","Honduras, Brazil. Bolivia to Argentina ","Nativa","Hymenoptera","Apidae","Centris spp.","Bees"
"403","Solanum paniculatum Mart.","Solanaceae","Honduras, Brazil. Bolivia to Argentina ","Nativa","Hymenoptera","Apidae","Xylocopa frontalis","Bees"
"404","Citrus sinensis (L.) Osbeck","Rutaceae","Himalaya to S. Central & S. Japan and Australia.","Exotica","Hymenoptera","Apidae","Apis mellifera","Bees"
"405","Citrus sinensis (L.) Osbeck","Rutaceae","Himalaya to S. Central & S. Japan and Australia.","Exotica","Hymenoptera","Apidae","Trigona spinipes","Bees"
"406","Malus domestica (Suckow) Borkh","Rosaceae","Afghanistan to Central Asia and Xinjiang","Exotica","Hymenoptera","Apidae","Apis mellifera","Bees"
"407","Malus domestica (Suckow) Borkh","Rosaceae","Afghanistan to Central Asia and Xinjiang","Exotica","Hymenoptera","Apidae","Melipona quadrifasciata","Bees"
"408","Acrocomia aculeata (Jacq.) Lodd. ex R.Keith","Bromeliaceae","S. Mexico to Brazil, Caribbean","Nativa","Coleoptera","Curculionidae","Andranthobius sp.","Other insects"
"409","Acrocomia aculeata (Jacq.) Lodd. ex R.Keith","Bromeliaceae","S. Mexico to Brazil, Caribbean","Nativa","Coleoptera","Nitidulidae","Mystrops sp.","Other insects"
"410","Acrocomia aculeata (Jacq.) Lodd. ex R.Keith","Bromeliaceae","S. Mexico to Brazil, Caribbean","Nativa","Coleoptera","Scarabaeidae","Cyclocephala forsteri","Other insects"
"411","Ricinus communis L.","Euphorbiaceae","Tropical Africa","Exotica","Hymenoptera","Apidae","Apis mellifera","Bees"
"412","Manihot esculenta Crantz","Euphorbiaceae","W. South America to Brazil","Nativa","Hymenoptera","Apidae","Apis mellifera","Bees"
"413","Mangifera indica L.","Anacardiaceae","Assam to China","Exotica","Diptera","Muscidae","Musca domestica","Other insects"
"414","Mangifera indica L.","Anacardiaceae","Assam to China","Exotica","Diptera","Syrphidae","Ornidia obesa","Other insects"
"415","Mangifera indica L.","Anacardiaceae","Assam to China","Exotica","Diptera","Syrphidae","Palpada vinetorum","Other insects"
"416","Mangifera indica L.","Anacardiaceae","Assam to China","Exotica","Diptera","Tachinidae","Belvosia bicincta","Other insects"
"417","Mangifera indica L.","Anacardiaceae","Assam to China","Exotica","Hymenoptera","Apidae","Apis mellifera","Bees"
"418","Mangifera indica L.","Anacardiaceae","Assam to China","Exotica","Hymenoptera","Apidae","Trigona spinipes","Bees"
"419","Mangifera indica L.","Anacardiaceae","Assam to China","Exotica","Hymenoptera","Vespidae","Brachygastra sp.","Other insects"
"420","Hancornia speciosa Gomes","Apocynaceae ","Brazil to Peru and Paraguay","Nativa","Hymenoptera","Apidae","Eulaema bombiformis","Bees"
"421","Hancornia speciosa Gomes","Apocynaceae ","Brazil to Peru and Paraguay","Nativa","Hymenoptera","Apidae","Eulaema cingulata","Bees"
"422","Hancornia speciosa Gomes","Apocynaceae ","Brazil to Peru and Paraguay","Nativa","Hymenoptera","Apidae","Eulaema flavescens","Bees"
"423","Hancornia speciosa Gomes","Apocynaceae ","Brazil to Peru and Paraguay","Nativa","Hymenoptera","Apidae","Eulaema nigrita","Bees"
"424","Hancornia speciosa Gomes","Apocynaceae ","Brazil to Peru and Paraguay","Nativa","Hymenoptera","Apidae","Exaerete smaragdina","Bees"
"425","Hancornia speciosa Gomes","Apocynaceae ","Brazil to Peru and Paraguay","Nativa","Lepidoptera","Hesperiidae","Bungalotis sp.","Other insects"
"426","Hancornia speciosa Gomes","Apocynaceae ","Brazil to Peru and Paraguay","Nativa","Lepidoptera","Hesperiidae","Dysocephaly nicephorces","Other insects"
"427","Hancornia speciosa Gomes","Apocynaceae ","Brazil to Peru and Paraguay","Nativa","Lepidoptera","Hesperiidae","Historis acrouta","Other insects"
"428","Hancornia speciosa Gomes","Apocynaceae ","Brazil to Peru and Paraguay","Nativa","Lepidoptera","Hesperiidae","Nascus phocus","Other insects"
"429","Hancornia speciosa Gomes","Apocynaceae ","Brazil to Peru and Paraguay","Nativa","Lepidoptera","Hesperiidae","Perichares philetes","Other insects"
"430","Hancornia speciosa Gomes","Apocynaceae ","Brazil to Peru and Paraguay","Nativa","Lepidoptera","Hesperiidae","Phocides pigmalion","Other insects"
"431","Hancornia speciosa Gomes","Apocynaceae ","Brazil to Peru and Paraguay","Nativa","Lepidoptera","Hesperiidae","Urbanus dorantes","Other insects"
"432","Hancornia speciosa Gomes","Apocynaceae ","Brazil to Peru and Paraguay","Nativa","Lepidoptera","Hesperiidae","Urbanus proteus","Other insects"
"433","Hancornia speciosa Gomes","Apocynaceae ","Brazil to Peru and Paraguay","Nativa","Lepidoptera","Hesperiidae","Urbanus teleus","Other insects"
"434","Hancornia speciosa Gomes","Apocynaceae ","Brazil to Peru and Paraguay","Nativa","Lepidoptera","Nymphalidae","Heliconius nanna","Other insects"
"435","Hancornia speciosa Gomes","Apocynaceae ","Brazil to Peru and Paraguay","Nativa","Lepidoptera","Nymphalidae","Heliconius phyllis","Other insects"
"436","Hancornia speciosa Gomes","Apocynaceae ","Brazil to Peru and Paraguay","Nativa","Lepidoptera","Saturniidae","Aellopos fadus","Other insects"
"437","Hancornia speciosa Gomes","Apocynaceae ","Brazil to Peru and Paraguay","Nativa","Lepidoptera","Sphingidae","Agrius cingulata","Other insects"
"438","Hancornia speciosa Gomes","Apocynaceae ","Brazil to Peru and Paraguay","Nativa","Lepidoptera","Sphingidae","Enyo ocypete","Other insects"
"439","Hancornia speciosa Gomes","Apocynaceae ","Brazil to Peru and Paraguay","Nativa","Lepidoptera","Sphingidae","Erinnyis ello","Other insects"
"440","Hancornia speciosa Gomes","Apocynaceae ","Brazil to Peru and Paraguay","Nativa","Lepidoptera","Sphingidae","Hyles euphorbiarum","Other insects"
"441","Hancornia speciosa Gomes","Apocynaceae ","Brazil to Peru and Paraguay","Nativa","Lepidoptera","Sphingidae","Isognathus caricae","Other insects"
"442","Hancornia speciosa Gomes","Apocynaceae ","Brazil to Peru and Paraguay","Nativa","Lepidoptera","Sphingidae","Isognathus menechus","Other insects"
"443","Hancornia speciosa Gomes","Apocynaceae ","Brazil to Peru and Paraguay","Nativa","Lepidoptera","Sphingidae","Manduca diffissa","Other insects"
"444","Hancornia speciosa Gomes","Apocynaceae ","Brazil to Peru and Paraguay","Nativa","Lepidoptera","Sphingidae","Manduca sexta","Other insects"
"445","Hancornia speciosa Gomes","Apocynaceae ","Brazil to Peru and Paraguay","Nativa","Lepidoptera","Sphingidae","Neogene dynaeus","Other insects"
"446","Hancornia speciosa Gomes","Apocynaceae ","Brazil to Peru and Paraguay","Nativa","Lepidoptera","Sphingidae","Pachylia ficus","Other insects"
"447","Hancornia speciosa Gomes","Apocynaceae ","Brazil to Peru and Paraguay","Nativa","Lepidoptera","Sphingidae","Pachylia syces","Other insects"
"448","Passiflora edulis Sims","Passifloraceae","Brazil to Argentina","Nativa","Hymenoptera","Andrenidae","Oxaea austera","Bees"
"449","Passiflora edulis Sims","Passifloraceae","Brazil to Argentina","Nativa","Hymenoptera","Andrenidae","Oxaea flavescens","Bees"
"450","Passiflora edulis Sims","Passifloraceae","Brazil to Argentina","Nativa","Hymenoptera","Apidae","Acantophus excellens","Bees"
"451","Passiflora edulis Sims","Passifloraceae","Brazil to Argentina","Nativa","Hymenoptera","Apidae","Bombus morio","Bees"
"452","Passiflora edulis Sims","Passifloraceae","Brazil to Argentina","Nativa","Hymenoptera","Apidae","Bombus pauloensis","Bees"
"453","Passiflora edulis Sims","Passifloraceae","Brazil to Argentina","Nativa","Hymenoptera","Apidae","Centris denudans","Bees"
"454","Passiflora edulis Sims","Passifloraceae","Brazil to Argentina","Nativa","Hymenoptera","Apidae","Centris flavifrons","Bees"
"455","Passiflora edulis Sims","Passifloraceae","Brazil to Argentina","Nativa","Hymenoptera","Apidae","Centris longimana","Bees"
"456","Passiflora edulis Sims","Passifloraceae","Brazil to Argentina","Nativa","Hymenoptera","Apidae","Centris lutea","Bees"
"457","Passiflora edulis Sims","Passifloraceae","Brazil to Argentina","Nativa","Hymenoptera","Apidae","Centris scopipes","Bees"
"458","Passiflora edulis Sims","Passifloraceae","Brazil to Argentina","Nativa","Hymenoptera","Apidae","Centris sponsa","Bees"
"459","Passiflora edulis Sims","Passifloraceae","Brazil to Argentina","Nativa","Hymenoptera","Apidae","Epicharis bicolor","Bees"
"460","Passiflora edulis Sims","Passifloraceae","Brazil to Argentina","Nativa","Hymenoptera","Apidae","Epicharis flava","Bees"
"461","Passiflora edulis Sims","Passifloraceae","Brazil to Argentina","Nativa","Hymenoptera","Apidae","Eufriesea surinamensis","Bees"
"462","Passiflora edulis Sims","Passifloraceae","Brazil to Argentina","Nativa","Hymenoptera","Apidae","Eulaema nigrita","Bees"
"463","Passiflora edulis Sims","Passifloraceae","Brazil to Argentina","Nativa","Hymenoptera","Apidae","Hopliphora velutina","Bees"
"464","Passiflora edulis Sims","Passifloraceae","Brazil to Argentina","Nativa","Hymenoptera","Apidae","Xylocopa brasilianorum","Bees"
"465","Passiflora edulis Sims","Passifloraceae","Brazil to Argentina","Nativa","Hymenoptera","Apidae","Xylocopa cearensis","Bees"
"466","Passiflora edulis Sims","Passifloraceae","Brazil to Argentina","Nativa","Hymenoptera","Apidae","Xylocopa frontalis","Bees"
"467","Passiflora edulis Sims","Passifloraceae","Brazil to Argentina","Nativa","Hymenoptera","Apidae","Xylocopa grisescens","Bees"
"468","Passiflora edulis Sims","Passifloraceae","Brazil to Argentina","Nativa","Hymenoptera","Apidae","Xylocopa hirsutissima","Bees"
"469","Passiflora edulis Sims","Passifloraceae","Brazil to Argentina","Nativa","Hymenoptera","Apidae","Xylocopa nigrocinta","Bees"
"470","Passiflora edulis Sims","Passifloraceae","Brazil to Argentina","Nativa","Hymenoptera","Apidae","Xylocopa ordinaria","Bees"
"471","Passiflora edulis Sims","Passifloraceae","Brazil to Argentina","Nativa","Hymenoptera","Apidae","Xylocopa suspecta","Bees"
"472","Citrullus lanatus (Thunb.) Matsum. & Nakai","Cucurbitaceae","Egypt, Ethiopia, Libya, Sudan","Exotica","Coleoptera","Chrysomelidae","Diabrotica sp.","Other insects"
"473","Citrullus lanatus (Thunb.) Matsum. & Nakai","Cucurbitaceae","Egypt, Ethiopia, Libya, Sudan","Exotica","Hymenoptera","Apidae","Apis mellifera","Bees"
"474","Citrullus lanatus (Thunb.) Matsum. & Nakai","Cucurbitaceae","Egypt, Ethiopia, Libya, Sudan","Exotica","Hymenoptera","Apidae","Melipona sp.","Bees"
"475","Citrullus lanatus (Thunb.) Matsum. & Nakai","Cucurbitaceae","Egypt, Ethiopia, Libya, Sudan","Exotica","Hymenoptera","Apidae","Trigona spinipes","Bees"
"476","Cucumis melo L.","Cucurbitaceae","Ethiopia to S. Africa, SW. Syria to Arabian Peninsula and Indian Subcontinent, N. & Central Australia.","Exotica","Hymenoptera","Apidae","Apis mellifera","Bees"
"477","Cucumis melo L.","Cucurbitaceae","Ethiopia to S. Africa, SW. Syria to Arabian Peninsula and Indian Subcontinent, N. & Central Australia.","Exotica","Hymenoptera","Apidae","Plebeia mosquito","Bees"
"478","Cucumis melo L.","Cucurbitaceae","Ethiopia to S. Africa, SW. Syria to Arabian Peninsula and Indian Subcontinent, N. & Central Australia.","Exotica","Hymenoptera","Apidae","Scaptotrigona sp.","Bees"
"479","Cucumis melo L.","Cucurbitaceae","Ethiopia to S. Africa, SW. Syria to Arabian Peninsula and Indian Subcontinent, N. & Central Australia.","Exotica","Hymenoptera","Apidae","Trigona pallens","Bees"
"480","Cucumis melo L.","Cucurbitaceae","Ethiopia to S. Africa, SW. Syria to Arabian Peninsula and Indian Subcontinent, N. & Central Australia.","Exotica","Hymenoptera","Apidae","Trigona recursa","Bees"
"481","Cucumis melo L.","Cucurbitaceae","Ethiopia to S. Africa, SW. Syria to Arabian Peninsula and Indian Subcontinent, N. & Central Australia.","Exotica","Hymenoptera","Apidae","Trigona spinipes","Bees"
"482","Cucumis melo L.","Cucurbitaceae","Ethiopia to S. Africa, SW. Syria to Arabian Peninsula and Indian Subcontinent, N. & Central Australia.","Exotica","Hymenoptera","Halictidae","Halictus sp.","Bees"
"483","Momordica charantia L.","Cucurbitaceae ","Tropical & Subtropical Old World to NE Queensland.","Exotica","Coleoptera","Chrysomelidae","Diabrotica speciosa","Other insects"
"484","Byrsonima crassifolia (L.) Kunth","Malpighiaceae","Mexico to Tropical America","Nativa","Hymenoptera","Apidae","Centris sp.","Bees"
"485","Byrsonima crassifolia (L.) Kunth","Malpighiaceae","Mexico to Tropical America","Nativa","Hymenoptera","Apidae","Melipona sp.","Bees"
"486","Euterpe edulis Mart.","Arecaceae","Brazil to Argentina","Nativa","Hymenoptera","Apidae","Apis mellifera","Bees"
"487","Euterpe edulis Mart.","Arecaceae","Brazil to Argentina","Nativa","Hymenoptera","Apidae","Plebeia droryana","Bees"
"488","Euterpe edulis Mart.","Arecaceae","Brazil to Argentina","Nativa","Hymenoptera","Apidae","Plabeia emerina","Bees"
"489","Euterpe edulis Mart.","Arecaceae","Brazil to Argentina","Nativa","Hymenoptera","Apidae","Plebeia remota","Bees"
"490","Cucumis sativus L.","Cucurbitaceae","Himalaya to China and N. Thailand","Exotica","Hymenoptera","Apidae","Nannotrigona testaceicornis","Bees"
"491","Cucumis sativus L.","Cucurbitaceae","Himalaya to China and N. Thailand","Exotica","Hymenoptera","Apidae","Scaptotrigona sp.","Bees"
"492","Caryocar brasiliense A.St.-Hil.","Caryocaceae","Brazil to Paraguay","Nativa","Chiroptera","Phyllostomidae","Anoura geoffroyii","Vertebrates"
"493","Caryocar brasiliense A.St.-Hil.","Caryocaceae","Brazil to Paraguay","Nativa","Chiroptera","Phyllostomidae","Carollia perspicillata","Vertebrates"
"494","Caryocar brasiliense A.St.-Hil.","Caryocaceae","Brazil to Paraguay","Nativa","Chiroptera","Phyllostomidae","Glossophaga soricina","Vertebrates"
"495","Caryocar brasiliense A.St.-Hil.","Caryocaceae","Brazil to Paraguay","Nativa","Chiroptera","Phyllostomidae","Phyllostomus discolor","Vertebrates"
"496","Caryocar brasiliense A.St.-Hil.","Caryocaceae","Brazil to Paraguay","Nativa","Chiroptera","Phyllostomidae","Platyrrhinus lineatus","Vertebrates"
"497","Caryocar brasiliense A.St.-Hil.","Caryocaceae","Brazil to Paraguay","Nativa","Lepidoptera","Sphingidae","Erinnyis ello","Other insects"
"498","Caryocar brasiliense A.St.-Hil.","Caryocaceae","Brazil to Paraguay","Nativa","Lepidoptera","Sphingidae","Pseudosphinx tetrio","Other insects"
"499","Pyrus pyrifolia (Burm.f.) Nakai","Rosaceae","S. China to Indo-China","Exotica","Coleoptera","Melyridae","Astylus quadrilineatus","Other insects"
"500","Pyrus pyrifolia (Burm.f.) Nakai","Rosaceae","S. China to Indo-China","Exotica","Diptera","Syrphidae","Toxomerus sp.","Other insects"
"501","Pyrus pyrifolia (Burm.f.) Nakai","Rosaceae","S. China to Indo-China","Exotica","Hymenoptera","Apidae","Apis mellifera","Bees"
"502","Pyrus pyrifolia (Burm.f.) Nakai","Rosaceae","S. China to Indo-China","Exotica","Hymenoptera","Apidae","Bombus pauloensis","Bees"
"503","Pyrus pyrifolia (Burm.f.) Nakai","Rosaceae","S. China to Indo-China","Exotica","Hymenoptera","Apidae","Plebeia sp.","Bees"
"504","Pyrus pyrifolia (Burm.f.) Nakai","Rosaceae","S. China to Indo-China","Exotica","Hymenoptera","Apidae","Trigona spinipes","Bees"
"505","Pyrus pyrifolia (Burm.f.) Nakai","Rosaceae","S. China to Indo-China","Exotica","Hymenoptera","Apidae","Xylocopa augusti","Bees"
"506","Pyrus pyrifolia (Burm.f.) Nakai","Rosaceae","S. China to Indo-China","Exotica","Hymenoptera","Halictidae","Dalictus sp.","Bees"
"507","Pyrus pyrifolia (Burm.f.) Nakai","Rosaceae","S. China to Indo-China","Exotica","Hymenoptera","Vespidae","Polybia sp.","Other insects"
"508","Pyrus pyrifolia (Burm.f.) Nakai","Rosaceae","S. China to Indo-China","Exotica","Lepidoptera","Nymphalidae","Vanessa braziliensis","Other insects"
"509","Eugenia spp.","Myrtaceae","Bolivia to Brazil and NE. Argentina","Nativa","Hymenoptera","Apidae","Apis mellifera","Bees"
"510","Eugenia spp.","Myrtaceae","Bolivia to Brazil and NE. Argentina","Nativa","Hymenoptera","Apidae","Melipona sp.","Bees"
"511","Prunus persica (L.) Batsch","Rosaceae","Central China.","Exotica","Hymenoptera","Apidae","Apis mellifera","Bees"
"512","Prunus persica (L.) Batsch","Rosaceae","Central China.","Exotica","Hymenoptera","Apidae","Trigona spinipes","Bees"
"513","Prunus persica (L.) Batsch","Rosaceae","Central China.","Exotica","Hymenoptera","Apidae","Xylocopa sp.","Bees"
"514","Capsicum frutescens L.","Solanaceae","Bolivia to Brazil","Nativa","Hymenoptera","Apidae","Apis mellifera","Bees"
"515","Capsicum frutescens L.","Solanaceae","Bolivia to Brazil","Nativa","Hymenoptera","Apidae","Melipona sp.","Bees"
"516","Capsicum annuum L.","Solanaceae","South and Central America","Exotica","Diptera","Syrphidae","Toxomerus sp.","Other insects"
"517","Capsicum annuum L.","Solanaceae","South and Central America","Exotica","Hymenoptera","Apidae","Apis mellifera","Bees"
"518","Capsicum annuum L.","Solanaceae","South and Central America","Exotica","Hymenoptera","Apidae","Exomalopsis analis","Bees"
"519","Capsicum annuum L.","Solanaceae","South and Central America","Exotica","Hymenoptera","Apidae","Exomalopsis auropilosa","Bees"
"520","Capsicum annuum L.","Solanaceae","South and Central America","Exotica","Hymenoptera","Apidae","Exomalopsis fulvofasciata","Bees"
"521","Capsicum annuum L.","Solanaceae","South and Central America","Exotica","Hymenoptera","Apidae","Frieseomelitta varia","Bees"
"522","Capsicum annuum L.","Solanaceae","South and Central America","Exotica","Hymenoptera","Apidae","Melipona fasciculata","Bees"
"523","Capsicum annuum L.","Solanaceae","South and Central America","Exotica","Hymenoptera","Apidae","Melipona quadrifasciata","Bees"
"524","Capsicum annuum L.","Solanaceae","South and Central America","Exotica","Hymenoptera","Apidae","Melipona scutellaris","Bees"
"525","Capsicum annuum L.","Solanaceae","South and Central America","Exotica","Hymenoptera","Apidae","Melipona subnitida","Bees"
"526","Capsicum annuum L.","Solanaceae","South and Central America","Exotica","Hymenoptera","Apidae","Tetragonisca angustula","Bees"
"527","Capsicum annuum L.","Solanaceae","South and Central America","Exotica","Hymenoptera","Apidae","Trigona spinipes","Bees"
"528","Capsicum annuum L.","Solanaceae","South and Central America","Exotica","Hymenoptera","Colletidae","Hylaeus tricolor","Bees"
"529","Capsicum annuum L.","Solanaceae","South and Central America","Exotica","Hymenoptera","Halictidae","Augochlora morrae","Bees"
"530","Capsicum annuum L.","Solanaceae","South and Central America","Exotica","Hymenoptera","Halictidae","Augochlora thalia","Bees"
"531","Capsicum annuum L.","Solanaceae","South and Central America","Exotica","Hymenoptera","Halictidae","Augochlorella acarinata","Bees"
"532","Capsicum annuum L.","Solanaceae","South and Central America","Exotica","Hymenoptera","Halictidae","Augochloropsis aurifluens","Bees"
"533","Capsicum annuum L.","Solanaceae","South and Central America","Exotica","Hymenoptera","Halictidae","Augochloropsis cleopatra","Bees"
"534","Capsicum annuum L.","Solanaceae","South and Central America","Exotica","Hymenoptera","Halictidae","Augochloropsis heterochroa","Bees"
"535","Capsicum annuum L.","Solanaceae","South and Central America","Exotica","Hymenoptera","Halictidae","Augochloropsis laera","Bees"
"536","Capsicum annuum L.","Solanaceae","South and Central America","Exotica","Hymenoptera","Halictidae","Augochloropsis wallacei","Bees"
"537","Annona squamosa L.","Annonaceae","Mexico to Colombia","Exotica","Coleoptera","Nitidulidae","Carpophilus sp.","Other insects"
"538","Annona squamosa L.","Annonaceae","Mexico to Colombia","Exotica","Coleoptera","Nitidulidae","Haptoncus ochraceus","Other insects"
"539","Eugenia bergii Nied.","Myrtaceae","Brazil","Nativa","Hymenoptera","Apidae","Apis mellifera","Bees"
"540","Eugenia bergii Nied.","Myrtaceae","Brazil","Nativa","Hymenoptera","Apidae","Melipona obscurior","Bees"
"541","Eugenia bergii Nied.","Myrtaceae","Brazil","Nativa","Hymenoptera","Apidae","Xylocopa bimaculata","Bees"
"542","Eugenia selloi B.D.Jacks","Myrtaceae","Brazil","Nativa","Hymenoptera","Apidae","Apis mellifera","Bees"
"543","Glycine max (L.) Merr.","Fabaceae","Russian Far East to China and Temp. E. Asia","Exotica","Hymenoptera","Apidae","Apis mellifera","Bees"
"544","Citrus reticulata Blanco","Rutaceae","Himalaya to S. Central & S. Japan and Australia","Exotica","Hymenoptera","Apidae","Apis mellifera","Bees"
"545","Solanum lycopersicum L.","Solanaceae","Peru","Exotica","Hymenoptera","Andrenidae","Acamptopoeum prinii","Bees"
"546","Solanum lycopersicum L.","Solanaceae","Peru","Exotica","Hymenoptera","Andrenidae","Oxaea flavescens","Bees"
"547","Solanum lycopersicum L.","Solanaceae","Peru","Exotica","Hymenoptera","Apidae","Apis mellifera","Bees"
"548","Solanum lycopersicum L.","Solanaceae","Peru","Exotica","Hymenoptera","Apidae","Bombus morio","Bees"
"549","Solanum lycopersicum L.","Solanaceae","Peru","Exotica","Hymenoptera","Apidae","Bombus pauloensis","Bees"
"550","Solanum lycopersicum L.","Solanaceae","Peru","Exotica","Hymenoptera","Apidae","Centris aenea","Bees"
"551","Solanum lycopersicum L.","Solanaceae","Peru","Exotica","Hymenoptera","Apidae","Centris fuscata","Bees"
"552","Solanum lycopersicum L.","Solanaceae","Peru","Exotica","Hymenoptera","Apidae","Centris tarsata","Bees"
"553","Solanum lycopersicum L.","Solanaceae","Peru","Exotica","Hymenoptera","Apidae","Centris varia","Bees"
"554","Solanum lycopersicum L.","Solanaceae","Peru","Exotica","Hymenoptera","Apidae","Epicharis flava","Bees"
"555","Solanum lycopersicum L.","Solanaceae","Peru","Exotica","Hymenoptera","Apidae","Euglossa sp.","Bees"
"556","Solanum lycopersicum L.","Solanaceae","Peru","Exotica","Hymenoptera","Apidae","Eulaema nigrita","Bees"
"557","Solanum lycopersicum L.","Solanaceae","Peru","Exotica","Hymenoptera","Apidae","Exomalopsis analis","Bees"
"558","Solanum lycopersicum L.","Solanaceae","Peru","Exotica","Hymenoptera","Apidae","Exomalopsis auropilosa","Bees"
"559","Solanum lycopersicum L.","Solanaceae","Peru","Exotica","Hymenoptera","Apidae","Euxomalopsis fluvofasciata","Bees"
"560","Solanum lycopersicum L.","Solanaceae","Peru","Exotica","Hymenoptera","Apidae","Exomalopsis minor","Bees"
"561","Solanum lycopersicum L.","Solanaceae","Peru","Exotica","Hymenoptera","Apidae","Frieseomelitta sp.","Bees"
"562","Solanum lycopersicum L.","Solanaceae","Peru","Exotica","Hymenoptera","Apidae","Melipona quinquefascia","Bees"
"563","Solanum lycopersicum L.","Solanaceae","Peru","Exotica","Hymenoptera","Apidae","Thygater analis","Bees"
"564","Solanum lycopersicum L.","Solanaceae","Peru","Exotica","Hymenoptera","Apidae","Trigona fulviventris","Bees"
"565","Solanum lycopersicum L.","Solanaceae","Peru","Exotica","Hymenoptera","Apidae","Trigona fuscipennis","Bees"
"566","Solanum lycopersicum L.","Solanaceae","Peru","Exotica","Hymenoptera","Apidae","Trigona spinipes","Bees"
"567","Solanum lycopersicum L.","Solanaceae","Peru","Exotica","Hymenoptera","Apidae","Xylocopa frontalis","Bees"
"568","Solanum lycopersicum L.","Solanaceae","Peru","Exotica","Hymenoptera","Apidae","Xylocopa muscaria","Bees"
"569","Solanum lycopersicum L.","Solanaceae","Peru","Exotica","Hymenoptera","Apidae","Xylocopa suspecta","Bees"
"570","Solanum lycopersicum L.","Solanaceae","Peru","Exotica","Hymenoptera","Halictidae","Augochlora sp.","Bees"
"571","Solanum lycopersicum L.","Solanaceae","Peru","Exotica","Hymenoptera","Halictidae","Augochloropsis callichroa","Bees"
"572","Solanum lycopersicum L.","Solanaceae","Peru","Exotica","Hymenoptera","Halictidae","Augochloropsis cupreola","Bees"
"573","Solanum lycopersicum L.","Solanaceae","Peru","Exotica","Hymenoptera","Halictidae","Augochloropsis electra","Bees"
"574","Solanum lycopersicum L.","Solanaceae","Peru","Exotica","Hymenoptera","Halictidae","Augochloropsis smithiana","Bees"
"575","Spondias tuberosa Arruda","Anacardiaceae","Brazil","Nativa","Hymenoptera","Apidae","Apis mellifera","Bees"
"576","Spondias tuberosa Arruda","Anacardiaceae","Brazil","Nativa","Hymenoptera","Apidae","Centris fuscata","Bees"
"577","Spondias tuberosa Arruda","Anacardiaceae","Brazil","Nativa","Hymenoptera","Apidae","Frieseomelitta flavicornis","Bees"
"578","Spondias tuberosa Arruda","Anacardiaceae","Brazil","Nativa","Hymenoptera","Apidae","Scaptotrigona postica","Bees"
"579","Spondias tuberosa Arruda","Anacardiaceae","Brazil","Nativa","Hymenoptera","Apidae","Trigona fuscipennis","Bees"
"580","Spondias tuberosa Arruda","Anacardiaceae","Brazil","Nativa","Hymenoptera","Apidae","Xylocopa sp.","Bees"
"581","Spondias tuberosa Arruda","Anacardiaceae","Brazil","Nativa","Hymenoptera","Vespidae","Brachygastra lecheguana","Other insects"
"582","Spondias tuberosa Arruda","Anacardiaceae","Brazil","Nativa","Hymenoptera","Vespidae","Omicron sp.","Other insects"
"583","Spondias tuberosa Arruda","Anacardiaceae","Brazil","Nativa","Hymenoptera","Vespidae","Polistes canadensis","Other insects"
"584","Spondias tuberosa Arruda","Anacardiaceae","Brazil","Nativa","Hymenoptera","Vespidae","Polybia ignobilis","Other insects"
"585","Spondias tuberosa Arruda","Anacardiaceae","Brazil","Nativa","Hymenoptera","Vespidae","Polybia platycephala","Other insects"
"586","Spondias tuberosa Arruda","Anacardiaceae","Brazil","Nativa","Hymenoptera","Vespidae","Polybia ruficeps","Other insects"
"587","Spondias tuberosa Arruda","Anacardiaceae","Brazil","Nativa","Hymenoptera","Vespidae","Protonectarina sylveirae","Other insects"
"588","Spondias tuberosa Arruda","Anacardiaceae","Brazil","Nativa","Hymenoptera","Vespidae","Protopolybia exigua","Other insects"
"589","Spondias tuberosa Arruda","Anacardiaceae","Brazil","Nativa","Hymenoptera","Vespidae","Zethus mexicanus","Other insects"
"590","Bixa orellana L.","Bixaceae","Mexico to S. Tropical America","Nativa","Hymenoptera","Apidae","Bombus morio","Bees"
"591","Bixa orellana L.","Bixaceae","Mexico to S. Tropical America","Nativa","Hymenoptera","Apidae","Centris aenea","Bees"
"592","Bixa orellana L.","Bixaceae","Mexico to S. Tropical America","Nativa","Hymenoptera","Apidae","Centris flavifrons","Bees"
"593","Bixa orellana L.","Bixaceae","Mexico to S. Tropical America","Nativa","Hymenoptera","Apidae","Centris obsoleta","Bees"
"594","Bixa orellana L.","Bixaceae","Mexico to S. Tropical America","Nativa","Hymenoptera","Apidae","Melipona quadrifasciata","Bees"
"595","Bixa orellana L.","Bixaceae","Mexico to S. Tropical America","Nativa","Hymenoptera","Apidae","Melipona scutellaris","Bees"
"596","Bixa orellana L.","Bixaceae","Mexico to S. Tropical America","Nativa","Hymenoptera","Apidae","Xylocopa frontalis","Bees"
"597","","","","","","","","Bees"
