Latin name,Family,Origem (Fonte? Flora do Brasil 2020?,Brasil,order,family,pollinator spp
Pouteria caimito (Ruiz & Pav.) Radlk.,Sapotaceae ,Trinidad to Central & S. Tropical America.,Nativa,Hymenoptera,Apidae,Eulaema mocsaryi
Pouteria caimito (Ruiz & Pav.) Radlk.,Sapotaceae ,Trinidad to Central & S. Tropical America.,Nativa,Hymenoptera,Apidae,Melipona seminigra
Pouteria caimito (Ruiz & Pav.) Radlk.,Sapotaceae ,Trinidad to Central & S. Tropical America.,Nativa,Hymenoptera,Apidae,Oxytrigona obscura
Pouteria caimito (Ruiz & Pav.) Radlk.,Sapotaceae ,Trinidad to Central & S. Tropical America.,Nativa,Hymenoptera,Apidae,Ptilotrigona lurida
Pouteria caimito (Ruiz & Pav.) Radlk.,Sapotaceae ,Trinidad to Central & S. Tropical America.,Nativa,Hymenoptera,Apidae,Trigona dallatorreana
Pouteria caimito (Ruiz & Pav.) Radlk.,Sapotaceae ,Trinidad to Central & S. Tropical America.,Nativa,Hymenoptera,Apidae,Trigona spinipes
Pouteria caimito (Ruiz & Pav.) Radlk.,Sapotaceae ,Trinidad to Central & S. Tropical America.,Nativa,Hymenoptera,Apidae,Xylocopa frontalis
Euterpe oleracea Mart.,Arecaceae,"Brazil, Colombia, Ecuador, French Guiana, Guyana, Suriname, Trinidad-Tobago, Venezuela",Nativa,Hymenoptera,Apidae,Melipona flavolineata
Euterpe oleracea Mart.,Arecaceae,"Brazil, Colombia, Ecuador, French Guiana, Guyana, Suriname, Trinidad-Tobago, Venezuela",Nativa,Hymenoptera,Apidae,Trigona branneri
Euterpe oleracea Mart.,Arecaceae,"Brazil, Colombia, Ecuador, French Guiana, Guyana, Suriname, Trinidad-Tobago, Venezuela",Nativa,Hymenoptera,Apidae,Trigona guianae
Euterpe oleracea Mart.,Arecaceae,"Brazil, Colombia, Ecuador, French Guiana, Guyana, Suriname, Trinidad-Tobago, Venezuela",Nativa,Hymenoptera,Apidae,Trigona pallens
Euterpe oleracea Mart.,Arecaceae,"Brazil, Colombia, Ecuador, French Guiana, Guyana, Suriname, Trinidad-Tobago, Venezuela",Nativa,Hymenoptera,Apidae,Trigona recursa
Euterpe oleracea Mart.,Arecaceae,"Brazil, Colombia, Ecuador, French Guiana, Guyana, Suriname, Trinidad-Tobago, Venezuela",Nativa,Hymenoptera,Apidae,Trigonisca dobzhanskyi
Euterpe oleracea Mart.,Arecaceae,"Brazil, Colombia, Ecuador, French Guiana, Guyana, Suriname, Trinidad-Tobago, Venezuela",Nativa,Hymenoptera,Apidae,Trigonisca hiriticornis
Euterpe oleracea Mart.,Arecaceae,"Brazil, Colombia, Ecuador, French Guiana, Guyana, Suriname, Trinidad-Tobago, Venezuela",Nativa,Hymenoptera,Apidae,Trigonisca nataliae
Euterpe oleracea Mart.,Arecaceae,"Brazil, Colombia, Ecuador, French Guiana, Guyana, Suriname, Trinidad-Tobago, Venezuela",Nativa,Hymenoptera,Apidae,Trigonisca unidentata
Euterpe oleracea Mart.,Arecaceae,"Brazil, Colombia, Ecuador, French Guiana, Guyana, Suriname, Trinidad-Tobago, Venezuela",Nativa,Hymenoptera,Apidae,Trigonisca vitrifrons
Euterpe precatoria Mart.,Arecaceae,Trinidad to Central & S. Tropical America,Nativa,Coleoptera,Curculionidae,Phyllotrox sp.
Persea americana Mill,Lauraceae,Mexico and Central America,Exotica,Hymenoptera,Apidae,Apis mellifera
Persea americana Mill,Lauraceae,Mexico and Central America,Exotica,Hymenoptera,Apidae,Tetragonisca angustula
Persea americana Mill,Lauraceae,Mexico and Central America,Exotica,Hymenoptera,Apidae,Trigona spinipes
Persea americana Mill,Lauraceae,Mexico and Central America,Exotica,Hymenoptera,Apidae,Xylocopa sp.
Persea americana Mill,Lauraceae,Mexico and Central America,Exotica,Hymenoptera,Halictidae,Chloralictus sp.
Ananas ananassoides (Baker) L.B.Sm.,Bromeliaceae,Costa Rica to S. Tropical America.,Nativa,Apodiformes,Trochilidae,Hylocharis chrysura
Ananas ananassoides (Baker) L.B.Sm.,Bromeliaceae,Costa Rica to S. Tropical America.,Nativa,Apodiformes,Trochilidae,Thalurania glaucopis
Ananas ananassoides (Baker) L.B.Sm.,Bromeliaceae,Costa Rica to S. Tropical America.,Nativa,Hymenoptera,Apidae,Bombus morio
Ananas ananassoides (Baker) L.B.Sm.,Bromeliaceae,Costa Rica to S. Tropical America.,Nativa,Lepidoptera,Nymphalidae,Hamadryas februa
Ananas ananassoides (Baker) L.B.Sm.,Bromeliaceae,Costa Rica to S. Tropical America.,Nativa,Lepidoptera,Pieridae,Phoebis sennae
Cucurbita maxima Duchesne,Cucurbitaceae,Bolivia to N. Argentina,Exotica,Coleoptera,Chrysomelidae,Diabrotica speciosa
Cucurbita maxima Duchesne,Cucurbitaceae,Bolivia to N. Argentina,Exotica,Hymenoptera,Andrenidae,Oxaea flavescens
Cucurbita maxima Duchesne,Cucurbitaceae,Bolivia to N. Argentina,Exotica,Hymenoptera,Apidae,Apis mellifera
Cucurbita maxima Duchesne,Cucurbitaceae,Bolivia to N. Argentina,Exotica,Hymenoptera,Apidae,Bombus morio
Cucurbita maxima Duchesne,Cucurbitaceae,Bolivia to N. Argentina,Exotica,Hymenoptera,Apidae,Melipona quadrifasciata
Cucurbita maxima Duchesne,Cucurbitaceae,Bolivia to N. Argentina,Exotica,Hymenoptera,Apidae,Melipona rufiventris
Cucurbita maxima Duchesne,Cucurbitaceae,Bolivia to N. Argentina,Exotica,Hymenoptera,Apidae,Trigona spinipes
Cucurbita maxima Duchesne,Cucurbitaceae,Bolivia to N. Argentina,Exotica,Hymenoptera,Apidae,Xylocopa frontalis
Malpighia emarginata DC.,Malpighiaceae,"Belize, Colombia, El Salvador, Guatemala, Honduras, Mexico ",Exotica,Hymenoptera,Apidae,Apis mellifera
Malpighia emarginata DC.,Malpighiaceae,"Belize, Colombia, El Salvador, Guatemala, Honduras, Mexico ",Exotica,Hymenoptera,Apidae,Centris aenea
Malpighia emarginata DC.,Malpighiaceae,"Belize, Colombia, El Salvador, Guatemala, Honduras, Mexico ",Exotica,Hymenoptera,Apidae,Centris analis
Malpighia emarginata DC.,Malpighiaceae,"Belize, Colombia, El Salvador, Guatemala, Honduras, Mexico ",Exotica,Hymenoptera,Apidae,Centris bicolor
Malpighia emarginata DC.,Malpighiaceae,"Belize, Colombia, El Salvador, Guatemala, Honduras, Mexico ",Exotica,Hymenoptera,Apidae,Centris caxiensis
Malpighia emarginata DC.,Malpighiaceae,"Belize, Colombia, El Salvador, Guatemala, Honduras, Mexico ",Exotica,Hymenoptera,Apidae,Centris decolorata
Malpighia emarginata DC.,Malpighiaceae,"Belize, Colombia, El Salvador, Guatemala, Honduras, Mexico ",Exotica,Hymenoptera,Apidae,Centris denudans
Malpighia emarginata DC.,Malpighiaceae,"Belize, Colombia, El Salvador, Guatemala, Honduras, Mexico ",Exotica,Hymenoptera,Apidae,Centris flavifrons
Malpighia emarginata DC.,Malpighiaceae,"Belize, Colombia, El Salvador, Guatemala, Honduras, Mexico ",Exotica,Hymenoptera,Apidae,Centris fuscata
Malpighia emarginata DC.,Malpighiaceae,"Belize, Colombia, El Salvador, Guatemala, Honduras, Mexico ",Exotica,Hymenoptera,Apidae,Centris inermis
Malpighia emarginata DC.,Malpighiaceae,"Belize, Colombia, El Salvador, Guatemala, Honduras, Mexico ",Exotica,Hymenoptera,Apidae,Centris longimana
Malpighia emarginata DC.,Malpighiaceae,"Belize, Colombia, El Salvador, Guatemala, Honduras, Mexico ",Exotica,Hymenoptera,Apidae,Centris maranhensis
Malpighia emarginata DC.,Malpighiaceae,"Belize, Colombia, El Salvador, Guatemala, Honduras, Mexico ",Exotica,Hymenoptera,Apidae,Centris mocsaryi
Malpighia emarginata DC.,Malpighiaceae,"Belize, Colombia, El Salvador, Guatemala, Honduras, Mexico ",Exotica,Hymenoptera,Apidae,Centris nitens
Malpighia emarginata DC.,Malpighiaceae,"Belize, Colombia, El Salvador, Guatemala, Honduras, Mexico ",Exotica,Hymenoptera,Apidae,Centris obsoleta
Malpighia emarginata DC.,Malpighiaceae,"Belize, Colombia, El Salvador, Guatemala, Honduras, Mexico ",Exotica,Hymenoptera,Apidae,Centris poecila
Malpighia emarginata DC.,Malpighiaceae,"Belize, Colombia, El Salvador, Guatemala, Honduras, Mexico ",Exotica,Hymenoptera,Apidae,Centris rhodoprocta
Malpighia emarginata DC.,Malpighiaceae,"Belize, Colombia, El Salvador, Guatemala, Honduras, Mexico ",Exotica,Hymenoptera,Apidae,Centris scopipes
Malpighia emarginata DC.,Malpighiaceae,"Belize, Colombia, El Salvador, Guatemala, Honduras, Mexico ",Exotica,Hymenoptera,Apidae,Centris spilopoda
Malpighia emarginata DC.,Malpighiaceae,"Belize, Colombia, El Salvador, Guatemala, Honduras, Mexico ",Exotica,Hymenoptera,Apidae,Centris sponsa
Malpighia emarginata DC.,Malpighiaceae,"Belize, Colombia, El Salvador, Guatemala, Honduras, Mexico ",Exotica,Hymenoptera,Apidae,Centris tarsata
Malpighia emarginata DC.,Malpighiaceae,"Belize, Colombia, El Salvador, Guatemala, Honduras, Mexico ",Exotica,Hymenoptera,Apidae,Centris trigonoides
Malpighia emarginata DC.,Malpighiaceae,"Belize, Colombia, El Salvador, Guatemala, Honduras, Mexico ",Exotica,Hymenoptera,Apidae,Centris varia
Malpighia emarginata DC.,Malpighiaceae,"Belize, Colombia, El Salvador, Guatemala, Honduras, Mexico ",Exotica,Hymenoptera,Apidae,Centris vittata
Malpighia emarginata DC.,Malpighiaceae,"Belize, Colombia, El Salvador, Guatemala, Honduras, Mexico ",Exotica,Hymenoptera,Apidae,Epicharis affinis
Malpighia emarginata DC.,Malpighiaceae,"Belize, Colombia, El Salvador, Guatemala, Honduras, Mexico ",Exotica,Hymenoptera,Apidae,Epicharis albofasciata
Malpighia emarginata DC.,Malpighiaceae,"Belize, Colombia, El Salvador, Guatemala, Honduras, Mexico ",Exotica,Hymenoptera,Apidae,Epicharis analis
Malpighia emarginata DC.,Malpighiaceae,"Belize, Colombia, El Salvador, Guatemala, Honduras, Mexico ",Exotica,Hymenoptera,Apidae,Epicharis bicolor
Malpighia emarginata DC.,Malpighiaceae,"Belize, Colombia, El Salvador, Guatemala, Honduras, Mexico ",Exotica,Hymenoptera,Apidae,Epicharis cockerelli
Malpighia emarginata DC.,Malpighiaceae,"Belize, Colombia, El Salvador, Guatemala, Honduras, Mexico ",Exotica,Hymenoptera,Apidae,Epicharis flava
Malpighia emarginata DC.,Malpighiaceae,"Belize, Colombia, El Salvador, Guatemala, Honduras, Mexico ",Exotica,Hymenoptera,Apidae,Epicharis xanthogastra
Malpighia emarginata DC.,Malpighiaceae,"Belize, Colombia, El Salvador, Guatemala, Honduras, Mexico ",Exotica,Hymenoptera,Apidae,Nannotrigona testaceicornis
Malpighia emarginata DC.,Malpighiaceae,"Belize, Colombia, El Salvador, Guatemala, Honduras, Mexico ",Exotica,Hymenoptera,Apidae,Partamona cupira
Malpighia emarginata DC.,Malpighiaceae,"Belize, Colombia, El Salvador, Guatemala, Honduras, Mexico ",Exotica,Hymenoptera,Apidae,Trigona spinipes
Malpighia emarginata DC.,Malpighiaceae,"Belize, Colombia, El Salvador, Guatemala, Honduras, Mexico ",Exotica,Hymenoptera,Apidae,Xylocopa frontalis
Annona tomentosa R.E.Fr.,Annonaceae,"Bolivia, Brazil North, Brazil Northeast, Brazil Southeast, Brazil West-Central",Nativa,Coleoptera,Scarabaeidae,Cyclocephala atricapilla
Annona tomentosa R.E.Fr.,Annonaceae,"Bolivia, Brazil North, Brazil Northeast, Brazil Southeast, Brazil West-Central",Nativa,Coleoptera,Scarabaeidae,Cyclocephala quatuordecumpunctata
Schinus terebinthifolia Raddi,Anacardiaceae,"Argentina Northeast, Brazil, Paraguay",Nativa,Hymenoptera,Apidae,Apis mellifera
Schinus terebinthifolia Raddi,Anacardiaceae,"Argentina Northeast, Brazil, Paraguay",Nativa,Hymenoptera,Apidae,Mesoplia bifrons
Schinus terebinthifolia Raddi,Anacardiaceae,"Argentina Northeast, Brazil, Paraguay",Nativa,Hymenoptera,Apidae,Xylocopa ordinaria
Schinus terebinthifolia Raddi,Anacardiaceae,"Argentina Northeast, Brazil, Paraguay",Nativa,Hymenoptera,Halictidae,Augochloropsis notophos
Schinus terebinthifolia Raddi,Anacardiaceae,"Argentina Northeast, Brazil, Paraguay",Nativa,Hymenoptera,Halictidae,Dialictus sp.
Schinus terebinthifolia Raddi,Anacardiaceae,"Argentina Northeast, Brazil, Paraguay",Nativa,Hymenoptera,Vespidae,Polistes lanio
Schinus terebinthifolia Raddi,Anacardiaceae,"Argentina Northeast, Brazil, Paraguay",Nativa,Hymenoptera,Vespidae,Polistes versicolor
Schinus terebinthifolia Raddi,Anacardiaceae,"Argentina Northeast, Brazil, Paraguay",Nativa,Hymenoptera,Vespidae,Polybia fastidiosuscula
Attalea speciosa Mart.,Arecaceae,"Bolivia, Brazil, Guyana, Suriname",Nativa,Coleoptera,Nitidulidae,Mystrops mexicana
Oenocarpus mapora H.Karst.,Arecaceae,"Bolivia, Brazil North, Colombia, Costa Rica, Ecuador, Panamá, Peru, Venezuela",Nativa,Coleoptera,Curculionidae,Anchylorhychus bicarinatus
Oenocarpus mapora H.Karst.,Arecaceae,"Bolivia, Brazil North, Colombia, Costa Rica, Ecuador, Panamá, Peru, Venezuela",Nativa,Coleoptera,Curculionidae,Terires minusculus
Oenocarpus mapora H.Karst.,Arecaceae,"Bolivia, Brazil North, Colombia, Costa Rica, Ecuador, Panamá, Peru, Venezuela",Nativa,Coleoptera,Scarabaeidae,Cyclocephala distincta
Oenocarpus mapora H.Karst.,Arecaceae,"Bolivia, Brazil North, Colombia, Costa Rica, Ecuador, Panamá, Peru, Venezuela",Nativa,Hemiptera,Thaumastocoridae,Discocoris drakei
Oenocarpus mapora H.Karst.,Arecaceae,"Bolivia, Brazil North, Colombia, Costa Rica, Ecuador, Panamá, Peru, Venezuela",Nativa,Hymenoptera,,Apis mellifera
Oenocarpus mapora H.Karst.,Arecaceae,"Bolivia, Brazil North, Colombia, Costa Rica, Ecuador, Panamá, Peru, Venezuela",Nativa,Hymenoptera,,Trigona sp.
Platonia insignis Mart.,Clusiaceae ,"Brazil, French Guiana, Guyana, Suriname, Venezuela",Nativa,Passeriformes,Icteridae,Cacicus cela
Platonia insignis Mart.,Clusiaceae ,"Brazil, French Guiana, Guyana, Suriname, Venezuela",Nativa,Passeriformes,Thraupidae,Cyanerpes caeruleus
Platonia insignis Mart.,Clusiaceae ,"Brazil, French Guiana, Guyana, Suriname, Venezuela",Nativa,Passeriformes,Thraupidae,Ramphocelus carbo
Platonia insignis Mart.,Clusiaceae ,"Brazil, French Guiana, Guyana, Suriname, Venezuela",Nativa,Passeriformes,Thraupidae,Thraupis episcopus
Platonia insignis Mart.,Clusiaceae ,"Brazil, French Guiana, Guyana, Suriname, Venezuela",Nativa,Passeriformes,Thraupidae,Thraupis palmarum
Platonia insignis Mart.,Clusiaceae ,"Brazil, French Guiana, Guyana, Suriname, Venezuela",Nativa,Psittaciformes,Psittacidae,Aratinga leucophthalmus
Platonia insignis Mart.,Clusiaceae ,"Brazil, French Guiana, Guyana, Suriname, Venezuela",Nativa,Psittaciformes,Psittacidae,Brotogeris chrysoptera
Platonia insignis Mart.,Clusiaceae ,"Brazil, French Guiana, Guyana, Suriname, Venezuela",Nativa,Psittaciformes,Psittacidae,Pionites leucogaster
Butia paraguayensis (Barb.Rodr.) L.H.Bailey,Arecaceae,"Brazil, Paraguay",Nativa,Hymenoptera,Apidae,Apis mellifera
Butia paraguayensis (Barb.Rodr.) L.H.Bailey,Arecaceae,"Brazil, Paraguay",Nativa,Hymenoptera,Apidae,Paratrigona lineata
Butia paraguayensis (Barb.Rodr.) L.H.Bailey,Arecaceae,"Brazil, Paraguay",Nativa,Hymenoptera,Apidae,Trigona hyalinata
Butia paraguayensis (Barb.Rodr.) L.H.Bailey,Arecaceae,"Brazil, Paraguay",Nativa,Hymenoptera,Apidae,Trigona spinipes
Butia paraguayensis (Barb.Rodr.) L.H.Bailey,Arecaceae,"Brazil, Paraguay",Nativa,Hymenoptera,Halictidae,Augochlora sp.
Butia paraguayensis (Barb.Rodr.) L.H.Bailey,Arecaceae,"Brazil, Paraguay",Nativa,Hymenoptera,Halictidae,Augochlorella michaelis
Butia paraguayensis (Barb.Rodr.) L.H.Bailey,Arecaceae,"Brazil, Paraguay",Nativa,Hymenoptera,Halictidae,Augochloropsis aurifluens
Butia paraguayensis (Barb.Rodr.) L.H.Bailey,Arecaceae,"Brazil, Paraguay",Nativa,Hymenoptera,Halictidae,Augochloropsis cleopatra
Butia paraguayensis (Barb.Rodr.) L.H.Bailey,Arecaceae,"Brazil, Paraguay",Nativa,Hymenoptera,Halictidae,Ceratalictus theius
Butia paraguayensis (Barb.Rodr.) L.H.Bailey,Arecaceae,"Brazil, Paraguay",Nativa,Hymenoptera,Halictidae,Chloralictus sp.
Theobroma cacao L.,Malvaceae,"Brazil, Colombia, Costa Rica, Ecuador, French Guiana, Guyana, Peru, Suriname, Venezuela",Nativa,Diptera,Ceratopogonidae,Forcipomyia soriai
Theobroma cacao L.,Malvaceae,"Brazil, Colombia, Costa Rica, Ecuador, French Guiana, Guyana, Peru, Suriname, Venezuela",Nativa,Diptera,Ceratopogonidae,Forcipomyia spatulifera
Theobroma cacao L.,Malvaceae,"Brazil, Colombia, Costa Rica, Ecuador, French Guiana, Guyana, Peru, Suriname, Venezuela",Nativa,Diptera,Ceratopogonidae,Forcipomyia winderi
Elaeis oleifera  (Kunth) Cortés,Arecaceae,"Brazil, Colombia, Costa Rica, Ecuador, French Guiana, Honduras, Nicaragua, Panamá, Peru, Suriname",Nativa,Coleoptera,Curculionidae,Elaeidobius sp.
Elaeis oleifera  (Kunth) Cortés,Arecaceae,"Brazil, Colombia, Costa Rica, Ecuador, French Guiana, Honduras, Nicaragua, Panamá, Peru, Suriname",Nativa,Hymenoptera,Apidae,Apis mellifera
Elaeis oleifera  (Kunth) Cortés,Arecaceae,"Brazil, Colombia, Costa Rica, Ecuador, French Guiana, Honduras, Nicaragua, Panamá, Peru, Suriname",Nativa,Hymenoptera,Apidae,Partamona sp.
Elaeis oleifera  (Kunth) Cortés,Arecaceae,"Brazil, Colombia, Costa Rica, Ecuador, French Guiana, Honduras, Nicaragua, Panamá, Peru, Suriname",Nativa,Hymenoptera,Apidae,Trigona sp.
Myrciaria dubia (Kunth) McVaugh,Myrtaceae,S. Tropical America.,Nativa,Hymenoptera,Apidae,Apis mellifera
Myrciaria dubia (Kunth) McVaugh,Myrtaceae,S. Tropical America.,Nativa,Hymenoptera,Apidae,Melipona compressipes
Myrciaria dubia (Kunth) McVaugh,Myrtaceae,S. Tropical America.,Nativa,Hymenoptera,Apidae,Nannotrigona punctata
Myrciaria dubia (Kunth) McVaugh,Myrtaceae,S. Tropical America.,Nativa,Hymenoptera,Apidae,Partamona cupira
Myrciaria dubia (Kunth) McVaugh,Myrtaceae,S. Tropical America.,Nativa,Hymenoptera,Apidae,Trigona branneri
Myrciaria dubia (Kunth) McVaugh,Myrtaceae,S. Tropical America.,Nativa,Hymenoptera,Apidae,Trigona pallens
Myrciaria dubia (Kunth) McVaugh,Myrtaceae,S. Tropical America.,Nativa,Hymenoptera,Apidae,Trigona recursa
Myrciaria dubia (Kunth) McVaugh,Myrtaceae,S. Tropical America.,Nativa,Hymenoptera,Halictidae,Augochlora sp.
Annona cornifolia  A.St.-Hil.,Annonaceae,Brazil to Bolivia,Nativa,Coleoptera,Scarabaeidae,Cyclocephala atricapilla
Annona cornifolia  A.St.-Hil.,Annonaceae,Brazil to Bolivia,Nativa,Coleoptera,Scarabaeidae,Cyclocephala quatuordecumpunctata
Cocos nucifera L.,Arecaceae,Central Malesia to SW. Pacific,Exotica,Hymenoptera,Apidae,Apis mellifera
Cocos nucifera L.,Arecaceae,Central Malesia to SW. Pacific,Exotica,Hymenoptera,Apidae,Plebeia poecilochroa
Cocos nucifera L.,Arecaceae,Central Malesia to SW. Pacific,Exotica,Hymenoptera,Apidae,Trigona guianae
Cocos nucifera L.,Arecaceae,Central Malesia to SW. Pacific,Exotica,Hymenoptera,Apidae,Trigona spinipes
Crambe hispanica subsp. abyssinica (Hochst. ex R.E.Fr.) Prina,Brassicaceae,"Ethiopia, Kenya, Rwanda, Tanzania, Uganda, Zaïre",Exotica,Hymenoptera,Apidae,Apis mellifera
Crambe hispanica subsp. abyssinica (Hochst. ex R.E.Fr.) Prina,Brassicaceae,"Ethiopia, Kenya, Rwanda, Tanzania, Uganda, Zaïre",Exotica,Hymenoptera,Apidae,Exomalopsis fulvofasciata
Crambe hispanica subsp. abyssinica (Hochst. ex R.E.Fr.) Prina,Brassicaceae,"Ethiopia, Kenya, Rwanda, Tanzania, Uganda, Zaïre",Exotica,Hymenoptera,Apidae,Geotrigona mombuca
Crambe hispanica subsp. abyssinica (Hochst. ex R.E.Fr.) Prina,Brassicaceae,"Ethiopia, Kenya, Rwanda, Tanzania, Uganda, Zaïre",Exotica,Hymenoptera,Apidae,Plebeia sp.
Crambe hispanica subsp. abyssinica (Hochst. ex R.E.Fr.) Prina,Brassicaceae,"Ethiopia, Kenya, Rwanda, Tanzania, Uganda, Zaïre",Exotica,Hymenoptera,Halictidae,Dialictus sp.
Lippia alba (Mill.) N.E.Br. ex Britton & P.Wilson,Verbenaceae ,Tropical & Subtropical America,Nativa,Hymenoptera,Apidae,Apis mellifera
Feijoa sellowiana (O.Berg) O.Berg,Myrtaceae,"Argentina, Brazil, Uruguay",Nativa,Hymenoptera,Apidae,Bombus atratus
Feijoa sellowiana (O.Berg) O.Berg,Myrtaceae,"Argentina, Brazil, Uruguay",Nativa,Hymenoptera,Apidae,Xylocopa augusti
Campomanesia velutina (Cambess.) O.Berg,Myrtaceae,Brazil,Nativa,Hymenoptera,Apidae,Bombus atratus
Campomanesia velutina (Cambess.) O.Berg,Myrtaceae,Brazil,Nativa,Hymenoptera,Apidae,Bombus morio
Annona montana Macfad,Annonaceae,Tropical America,Nativa,Coleoptera,Scarabaeidae,Cyclocephala picipes
Syzygium cumini (L.) Skeels,Myrtaceae,Tropical & Subtropical Asia to N. Queensland.,Exotica,Hymenoptera,Apidae,Apis mellifera
Syzygium cumini (L.) Skeels,Myrtaceae,Tropical & Subtropical Asia to N. Queensland.,Exotica,Hymenoptera,Apidae,Scaptotrigona  sp.
Syzygium cumini (L.) Skeels,Myrtaceae,Tropical & Subtropical Asia to N. Queensland.,Exotica,Hymenoptera,Apidae,Tetragonisca sp.
Syzygium cumini (L.) Skeels,Myrtaceae,Tropical & Subtropical Asia to N. Queensland.,Exotica,Hymenoptera,Apidae,Trigona sp.
Jacaratia spinosa (Aubl.) A.DC.,Caricaceae,Central & S. Tropical America,Nativa,Lepidoptera,Sphingidae,Aellopos titan
Hymenaea stigonocarpa Mart. ex Hayne,Fabaceae,Venezuela to Paraguay,Nativa,Chiroptera,Phyllostomidae,Carollia perspicillata
Hymenaea stigonocarpa Mart. ex Hayne,Fabaceae,Venezuela to Paraguay,Nativa,Chiroptera,Phyllostomidae,Glossophaga soricina
Hymenaea stigonocarpa Mart. ex Hayne,Fabaceae,Venezuela to Paraguay,Nativa,Chiroptera,Phyllostomidae,Plathyrrhinus lineatus
Citrus limonum; Citrus aurantifolia,Rutaceae,"China to Peninsula Malaysia, Borneo, Philippines",Exotica,Hymenoptera,Apidae,Apis mellifera
Macadamia integrifolia Maiden & Betche,Protaceae,"New South Wales, Queensland",Exotica,Hymenoptera,Apidae,Apis mellifera
Ocimum basilicum; Ocimum selloi ,Lamiaceae,Tropics & Subtropics,Nativa,Hymenoptera,Apidae,Apis mellifera
Ocimum basilicum; Ocimum selloi ,Lamiaceae,Tropics & Subtropics,Nativa,Hymenoptera,Halictidae,Augochloropsis electra
Passiflora cincinnata Mast.,Passifloraceae,S. Tropical America,Nativa,Hymenoptera,Apidae,Centris sp.
Passiflora cincinnata Mast.,Passifloraceae,S. Tropical America,Nativa,Hymenoptera,Apidae,Xylocopa grisescens
Passiflora alata,Passifloraceae,Ecuador to Brazil and NE. Argentina,Nativa,Hymenoptera,Apidae,Acantophus excellens
Passiflora alata,Passifloraceae,Ecuador to Brazil and NE. Argentina,Nativa,Hymenoptera,Apidae,Bombus pauloensis
Passiflora alata,Passifloraceae,Ecuador to Brazil and NE. Argentina,Nativa,Hymenoptera,Apidae,Centris collaris
Passiflora alata,Passifloraceae,Ecuador to Brazil and NE. Argentina,Nativa,Hymenoptera,Apidae,Centris denudans
Passiflora alata,Passifloraceae,Ecuador to Brazil and NE. Argentina,Nativa,Hymenoptera,Apidae,Centris flavifrons
Passiflora alata,Passifloraceae,Ecuador to Brazil and NE. Argentina,Nativa,Hymenoptera,Apidae,Centris longimana
Passiflora alata,Passifloraceae,Ecuador to Brazil and NE. Argentina,Nativa,Hymenoptera,Apidae,Centris lutea
Passiflora alata,Passifloraceae,Ecuador to Brazil and NE. Argentina,Nativa,Hymenoptera,Apidae,Centris scopipes
Passiflora alata,Passifloraceae,Ecuador to Brazil and NE. Argentina,Nativa,Hymenoptera,Apidae,Centris similis
Passiflora alata,Passifloraceae,Ecuador to Brazil and NE. Argentina,Nativa,Hymenoptera,Apidae,Centris tarsata
Passiflora alata,Passifloraceae,Ecuador to Brazil and NE. Argentina,Nativa,Hymenoptera,Apidae,Centris sponsa
Passiflora alata,Passifloraceae,Ecuador to Brazil and NE. Argentina,Nativa,Hymenoptera,Apidae,Epicharis affinis
Passiflora alata,Passifloraceae,Ecuador to Brazil and NE. Argentina,Nativa,Hymenoptera,Apidae,Epicharis bicolor
Passiflora alata,Passifloraceae,Ecuador to Brazil and NE. Argentina,Nativa,Hymenoptera,Apidae,Epicharis fasciata
Passiflora alata,Passifloraceae,Ecuador to Brazil and NE. Argentina,Nativa,Hymenoptera,Apidae,Epicharis flava
Passiflora alata,Passifloraceae,Ecuador to Brazil and NE. Argentina,Nativa,Hymenoptera,Apidae,Euglossa sp.
Passiflora alata,Passifloraceae,Ecuador to Brazil and NE. Argentina,Nativa,Hymenoptera,Apidae,Eulaema cingulata
Passiflora alata,Passifloraceae,Ecuador to Brazil and NE. Argentina,Nativa,Hymenoptera,Apidae,Eulaema nigrita
Passiflora alata,Passifloraceae,Ecuador to Brazil and NE. Argentina,Nativa,Hymenoptera,Apidae,Xylocopa frontalis
Passiflora alata,Passifloraceae,Ecuador to Brazil and NE. Argentina,Nativa,Hymenoptera,Apidae,Xylocopa ordinaria
Passiflora alata,Passifloraceae,Ecuador to Brazil and NE. Argentina,Nativa,Hymenoptera,Apidae,Xylocopa suspecta
Rubus spp.,Rosaceae,Cosmopolita,Nativa,Hymenoptera,Apidae,Apis mellifera
Passiflora coccinea Aubl.,Passifloraceae,S. Tropical America,Nativa,Apodiformes,Trochilidae,Amazilia sp.
Passiflora coccinea Aubl.,Passifloraceae,S. Tropical America,Nativa,Apodiformes,Trochilidae,Phaetornis superciliosus
Passiflora nitida Kunth,Passifloraceae,Costa Rica to S. Tropical America,Nativa,Hymenoptera,Apidae,Xylocopa frontalis
Passiflora nitida Kunth,Passifloraceae,Costa Rica to S. Tropical America,Nativa,Hymenoptera,Apidae,Xylocopa grisescens
Psidium firmum O.Berg,Myrtaceae,"Brazil Northeast, Brazil Southeast, Brazil West-Central",Nativa,Hymenoptera,Apidae,Bombus sp.
Annona crassiflora Mart.,Annonaceae,"Brazil, Paraguay",Nativa,Coleoptera,Scarabaeidae,Cyclocephala atricapilla
Annona crassiflora Mart.,Annonaceae,"Brazil, Paraguay",Nativa,Coleoptera,Melolonthidae,Arriguttia brevissima
Annona crassiflora Mart.,Annonaceae,"Brazil, Paraguay",Nativa,Coleoptera,Scarabaeidae,Cyclocephala atricapilla
Annona crassiflora Mart.,Annonaceae,"Brazil, Paraguay",Nativa,Coleoptera,Scarabaeidae,Cyclocephala octopunctata
Annona crassiflora Mart.,Annonaceae,"Brazil, Paraguay",Nativa,Coleoptera,Scarabaeidae,Cyclocephala ohausiana
Annona crassiflora Mart.,Annonaceae,"Brazil, Paraguay",Nativa,Coleoptera,Scarabaeidae,Cyclocephala quatuordecumpunctata
Annona coriacea Mart.,Annonaceae,"Bolivia, Brazil, Paraguay",Nativa,Coleoptera,Scarabaeidae,Cyclocephala undata
Vaccinium corymbosum L.,Ericaceae,U.S.A.,Exotica,Hymenoptera,Apidae,Apis mellifera
Vaccinium corymbosum L.,Ericaceae,U.S.A.,Exotica,Hymenoptera,Apidae,Bombus atratus
Vaccinium corymbosum L.,Ericaceae,U.S.A.,Exotica,Hymenoptera,Apidae,Bombus morio
Vaccinium corymbosum L.,Ericaceae,U.S.A.,Exotica,Hymenoptera,Apidae,Xylocopa hirsutissima
Vaccinium corymbosum L.,Ericaceae,U.S.A.,Exotica,Hymenoptera,Apidae,Xylocopa subcyanea
Fragaria x ananassa,Rosaceae,artificial hybrid,Exotica,Hymenoptera,Apidae,Apis mellifera
Fragaria x ananassa,Rosaceae,artificial hybrid,Exotica,Hymenoptera,Apidae,Nannotrigona testaceicornis
Fragaria x ananassa,Rosaceae,artificial hybrid,Exotica,Hymenoptera,Apidae,Plebeia nigriceps
Fragaria x ananassa,Rosaceae,artificial hybrid,Exotica,Hymenoptera,Apidae,Scaptotrigona  sp.
Fragaria x ananassa,Rosaceae,artificial hybrid,Exotica,Hymenoptera,Apidae,Tetragonisca angustula
Fragaria x ananassa,Rosaceae,artificial hybrid,Exotica,Hymenoptera,Apidae,Trigona sp.
Adesmia exilis Clos,Fabaceae,"Argentina Northwest, Chile Central",Exotica,Hymenoptera,Megachilidae,Megachile sp.
Byrsonima coccolobifolia Kunth,Malpighiaceae,"Cuba, Tropical America",Nativa,Hymenoptera,Apidae,Centris aenea
Byrsonima coccolobifolia Kunth,Malpighiaceae,"Cuba, Tropical America",Nativa,Hymenoptera,Apidae,Epicharis cockerelli
Byrsonima coccolobifolia Kunth,Malpighiaceae,"Cuba, Tropical America",Nativa,Hymenoptera,Apidae,Paratetrapedia flavolineata
Byrsonima coccolobifolia Kunth,Malpighiaceae,"Cuba, Tropical America",Nativa,Hymenoptera,Apidae,Tetragonisca angustula
Byrsonima coccolobifolia Kunth,Malpighiaceae,"Cuba, Tropical America",Nativa,Hymenoptera,Apidae,Paratrigona lineata
Byrsonima coccolobifolia Kunth,Malpighiaceae,"Cuba, Tropical America",Nativa,Hymenoptera,Halictidae,Augochloropsis callichroa
Byrsonima gardneriana A.Juss.,Malpighiaceae,Brazil,Nativa,Hymenoptera,Apidae,Centris sp.
Byrsonima gardneriana A.Juss.,Malpighiaceae,Brazil,Nativa,Hymenoptera,Apidae,Trigona sp.
Mouriri guianensis Triana,Melastomataceae,Tropical America,Nativa,Hymenoptera,Apidae,Melipona subnitida
Mouriri guianensis Triana,Melastomataceae,Tropical America,Nativa,Hymenoptera,Apidae,Trigona sp.
Mouriri guianensis Triana,Melastomataceae,Tropical America,Nativa,Hymenoptera,Apidae,Xylocopa cearensis
Mouriri guianensis Triana,Melastomataceae,Tropical America,Nativa,Hymenoptera,Apidae,Xylocopa grisescens
Mouriri guianensis Triana,Melastomataceae,Tropical America,Nativa,Hymenoptera,Halictidae,Megalopta amoena
Blepharocalyx salicifolius (Kunth) O.Berg,Myrtaceae,Brazil to N. Argentina,Nativa,Hymenoptera,Apidae,Bombus atratus
Blepharocalyx salicifolius (Kunth) O.Berg,Myrtaceae,Brazil to N. Argentina,Nativa,Hymenoptera,Apidae,Centris violaceae
Blepharocalyx salicifolius (Kunth) O.Berg,Myrtaceae,Brazil to N. Argentina,Nativa,Hymenoptera,Apidae,Melipona quinquefascia
Blepharocalyx salicifolius (Kunth) O.Berg,Myrtaceae,Brazil to N. Argentina,Nativa,Hymenoptera,Apidae,Xylocopa frontalis
Blepharocalyx salicifolius (Kunth) O.Berg,Myrtaceae,Brazil to N. Argentina,Nativa,Hymenoptera,Halictidae,Ceratalictus theius
Attalea phalerata Mart. ex Spreng.,Arecaceae,Colombia to Bolivia and Brazil,Nativa,Coleoptera,Curculionidae,Celetes sp.
Attalea phalerata Mart. ex Spreng.,Arecaceae,Colombia to Bolivia and Brazil,Nativa,Coleoptera,Curculionidae,Madrarini sp.
Attalea phalerata Mart. ex Spreng.,Arecaceae,Colombia to Bolivia and Brazil,Nativa,Coleoptera,Nitidulidae,Colopterus sp.
Attalea phalerata Mart. ex Spreng.,Arecaceae,Colombia to Bolivia and Brazil,Nativa,Coleoptera,Nitidulidae,Mystrops sp.
Bactris glaucescens  Drude,Arecaceae,Brazil to  Paraguay,Nativa,Coleoptera,Curculionidae,Derelomus sp.
Bactris glaucescens  Drude,Arecaceae,Brazil to  Paraguay,Nativa,Coleoptera,Curculionidae,Paratenetus sp.
Capsicum annuum L.,Solanaceae,South and Central America,Exotica,Hymenoptera,Apidae,Trigona spinipes
Capsicum annuum L.,Solanaceae,South and Central America,Exotica,Hymenoptera,Apidae,Xylocopa suspecta
Capsicum annuum L.,Solanaceae,South and Central America,Exotica,Hymenoptera,Halictidae,Augochloropsis cupreola
Dipteryx alata Vogel,Fabaceae,"Bolivia, Brazil, Paraguay",Nativa,Hymenoptera,Halictidae,Pseudaugochlora graminea
Capsicum annuum L.,Solanaceae,South and Central America,Exotica,Hymenoptera,Apidae,Frieseomelitta varia
Xylopia brasiliensis Spreng.,Annonaceae,Brazil to Argentina,Nativa,Coleoptera,Anthicidae,Acanthinus sp.
Xylopia brasiliensis Spreng.,Annonaceae,Brazil to Argentina,Nativa,Coleoptera,Chrysomelidae,Brachypnoea nana
Xylopia brasiliensis Spreng.,Annonaceae,Brazil to Argentina,Nativa,Coleoptera,Chrysomelidae,Brachypnoea venustula
Caryocar villosum (Aubl.) Pers.,Caryocaceae,South America to N. Bolivia.,Nativa,Chiroptera,Phyllostomidae,Phyllostomus discolor
Caryocar villosum (Aubl.) Pers.,Caryocaceae,South America to N. Bolivia.,Nativa,Lepidoptera,Sphingidae,Pachylia ficus
Abelmoschus esculentu (L.) Moench,Malvaceae,"Bangladesh, India, Myanmar",Exotica,Coleoptera,Chrysomelidae,Diabrotica speciosa
Abelmoschus esculentu (L.) Moench,Malvaceae,"Bangladesh, India, Myanmar",Exotica,Hymenoptera,Apidae,Apis mellifera
Punica granatum L.,Lythraceae,Turkey to W. & N. Pakistan,Exotica,Hymenoptera,Apidae,Trigona sp.
Glycine wightii,Fabaceae,"Medit. to Central Asia and NW. India, Ethiopia.",Exotica,Hymenoptera,Apidae,Apis mellifera
Astrocaryum vulgare Mart.,Arecaceae,N. South America to Central Brazil,Nativa,Coleoptera,Curculionidae,Terires minusculus
Astrocaryum vulgare Mart.,Arecaceae,N. South America to Central Brazil,Nativa,Coleoptera,Nitidulidae,Mystrops sp.
Vanilla bahiana Hoehne; Vanilla chamissonis Klotzsch,Orchidaceae,"Bolivia, Brazil, French Guiana",Nativa,Hymenoptera,Apidae,Eulaema sp.
Solanum tuberosum L.,Solanaceae,East S. America,Exotica,Hymenoptera,Apidae,Eulaema sp.
Solanum tuberosum L.,Solanaceae,East S. America,Exotica,Hymenoptera,Andrenidae,Oxaea flavescens
Solanum tuberosum L.,Solanaceae,East S. America,Exotica,Hymenoptera,Apidae,Bombus atratus
Solanum tuberosum L.,Solanaceae,East S. America,Exotica,Hymenoptera,Apidae,Bombus morio
Solanum tuberosum L.,Solanaceae,East S. America,Exotica,Hymenoptera,Apidae,Centris sp.
Solanum tuberosum L.,Solanaceae,East S. America,Exotica,Hymenoptera,Apidae,Epicharis sp.
Solanum tuberosum L.,Solanaceae,East S. America,Exotica,Hymenoptera,Apidae,Exomalopsis sp.
Solanum tuberosum L.,Solanaceae,East S. America,Exotica,Hymenoptera,Apidae,Melipona fasciculata
Solanum tuberosum L.,Solanaceae,East S. America,Exotica,Hymenoptera,Apidae,Thygater sp.
Solanum tuberosum L.,Solanaceae,East S. America,Exotica,Hymenoptera,Apidae,Xylocopa sp.
Mauritia flexuosa L.f.,Arecaceae,"Bolivia, Brazil, Colombia, Ecuador, French Guiana, Guyana, Peru, Suriname, Trinidad-Tobago, Venezuela",Nativa,Hymenoptera,Halictidae,Pseudaugochlora graminea
Mauritia flexuosa L.f.,Arecaceae,"Bolivia, Brazil, Colombia, Ecuador, French Guiana, Guyana, Peru, Suriname, Trinidad-Tobago, Venezuela",Nativa,Coleoptera,Curculionidae,Andranthobius sp.
Mauritia flexuosa L.f.,Arecaceae,"Bolivia, Brazil, Colombia, Ecuador, French Guiana, Guyana, Peru, Suriname, Trinidad-Tobago, Venezuela",Nativa,Coleoptera,Curculionidae,Celetes sp.
Mauritia flexuosa L.f.,Arecaceae,"Bolivia, Brazil, Colombia, Ecuador, French Guiana, Guyana, Peru, Suriname, Trinidad-Tobago, Venezuela",Nativa,Coleoptera,Curculionidae,Grasidius sp.
Mauritia flexuosa L.f.,Arecaceae,"Bolivia, Brazil, Colombia, Ecuador, French Guiana, Guyana, Peru, Suriname, Trinidad-Tobago, Venezuela",Nativa,Coleoptera,Curculionidae,Homalinotus hystrix
Mauritia flexuosa L.f.,Arecaceae,"Bolivia, Brazil, Colombia, Ecuador, French Guiana, Guyana, Peru, Suriname, Trinidad-Tobago, Venezuela",Nativa,Coleoptera,Curculionidae,Parisoschoenus sp.
Mauritia flexuosa L.f.,Arecaceae,"Bolivia, Brazil, Colombia, Ecuador, French Guiana, Guyana, Peru, Suriname, Trinidad-Tobago, Venezuela",Nativa,Coleoptera,Curculionidae,Phytotribus sp.
Mauritia flexuosa L.f.,Arecaceae,"Bolivia, Brazil, Colombia, Ecuador, French Guiana, Guyana, Peru, Suriname, Trinidad-Tobago, Venezuela",Nativa,Coleoptera,Curculionidae,Rhina barbirostris
Mauritia flexuosa L.f.,Arecaceae,"Bolivia, Brazil, Colombia, Ecuador, French Guiana, Guyana, Peru, Suriname, Trinidad-Tobago, Venezuela",Nativa,Coleoptera,Curculionidae,Terires sp.
Mauritia flexuosa L.f.,Arecaceae,"Bolivia, Brazil, Colombia, Ecuador, French Guiana, Guyana, Peru, Suriname, Trinidad-Tobago, Venezuela",Nativa,Coleoptera,Curculionidae,Theantis rhomboidea
Coffea arabica L.,Rubiaceae,"Ethiopia, Kenya, Sudan",Exotica,Hymenoptera,Apidae,Apis mellifera
Coffea arabica L.,Rubiaceae,"Ethiopia, Kenya, Sudan",Exotica,Hymenoptera,Apidae,Melipona quadrifasciata
Coffea arabica L.,Rubiaceae,"Ethiopia, Kenya, Sudan",Exotica,Hymenoptera,Apidae,Tetragonisca angustula
Coffea arabica L.,Rubiaceae,"Ethiopia, Kenya, Sudan",Exotica,Hymenoptera,Apidae,Trigona spinipes
Coffea arabica L.,Rubiaceae,"Ethiopia, Kenya, Sudan",Exotica,Hymenoptera,Apidae,Xylocopa sp.
Eugenia dysenterica DC.,Myrtaceae,"Bolivia, Brazil North, Brazil Northeast, Brazil Southeast, Brazil West-Central",Nativa,Hymenoptera,Apidae,Bombus sp.
Eugenia dysenterica DC.,Myrtaceae,"Bolivia, Brazil North, Brazil Northeast, Brazil Southeast, Brazil West-Central",Nativa,Hymenoptera,Apidae,Ceratina sp.
Spondias mombin L.,Anacardiaceae,Mexico to Tropical America.,Nativa,Hymenoptera,Apidae,Apis mellifera
Spondias mombin L.,Anacardiaceae,Mexico to Tropical America.,Nativa,Hymenoptera,Apidae,Centris sp.
Spondias mombin L.,Anacardiaceae,Mexico to Tropical America.,Nativa,Hymenoptera,Apidae,Exomalopsis analis
Spondias mombin L.,Anacardiaceae,Mexico to Tropical America.,Nativa,Hymenoptera,Apidae,Exomalopsis auropilosa
Spondias mombin L.,Anacardiaceae,Mexico to Tropical America.,Nativa,Hymenoptera,Apidae,Eulaema nigrita
Spondias mombin L.,Anacardiaceae,Mexico to Tropical America.,Nativa,Hymenoptera,Apidae,Frieseomelitta deoderleini
Spondias mombin L.,Anacardiaceae,Mexico to Tropical America.,Nativa,Hymenoptera,Apidae,Melipona scutellaris
Spondias mombin L.,Anacardiaceae,Mexico to Tropical America.,Nativa,Hymenoptera,Apidae,Plebeia flavocinta
Spondias mombin L.,Anacardiaceae,Mexico to Tropical America.,Nativa,Hymenoptera,Apidae,Scaptotrigona aff. Tubiba
Spondias mombin L.,Anacardiaceae,Mexico to Tropical America.,Nativa,Hymenoptera,Apidae,Trigona fuscipennis
Spondias mombin L.,Anacardiaceae,Mexico to Tropical America.,Nativa,Hymenoptera,Apidae,Trigona spinipes
Spondias mombin L.,Anacardiaceae,Mexico to Tropical America.,Nativa,Hymenoptera,Apidae,Xylocopa grisescens
Spondias mombin L.,Anacardiaceae,Mexico to Tropical America.,Nativa,Hymenoptera,Apidae,Xylocopa cearensis
Spondias mombin L.,Anacardiaceae,Mexico to Tropical America.,Nativa,Hymenoptera,Colletidae,Hylaeus sp.
Spondias mombin L.,Anacardiaceae,Mexico to Tropical America.,Nativa,Hymenoptera,Colletidae,Ptiloglossa goffergei
Spondias mombin L.,Anacardiaceae,Mexico to Tropical America.,Nativa,Hymenoptera,Halictidae,Augochlora sp.
Spondias mombin L.,Anacardiaceae,Mexico to Tropical America.,Nativa,Hymenoptera,Halictidae,Augochloropsis sp.
Spondias mombin L.,Anacardiaceae,Mexico to Tropical America.,Nativa,Hymenoptera,Halictidae,Dialictus opacus
Spondias mombin L.,Anacardiaceae,Mexico to Tropical America.,Nativa,Hymenoptera,Halictidae,Megalopta amoena
Anacardium occidentale L.,Anacardiaceae,"Bolivia, Brazil, Colombia, Ecuador, French Guiana, Guyana, Peru, Suriname, Trinidad-Tobago, Venezuela",Nativa,Hymenoptera,Apidae,Apis mellifera
Anacardium occidentale L.,Anacardiaceae,"Bolivia, Brazil, Colombia, Ecuador, French Guiana, Guyana, Peru, Suriname, Trinidad-Tobago, Venezuela",Nativa,Hymenoptera,Apidae,Centris tarsata
Campomanesia phaea (O.Berg) Landrum,Myrtaceae,Brazil ,Nativa,Hymenoptera,Apidae,Apis mellifera
Campomanesia phaea (O.Berg) Landrum,Myrtaceae,Brazil ,Nativa,Hymenoptera,Colletidae,Ptiloglossa latecalcarata
Campomanesia phaea (O.Berg) Landrum,Myrtaceae,Brazil ,Nativa,Hymenoptera,Halictidae,Megalopta sodalis
Campomanesia phaea (O.Berg) Landrum,Myrtaceae,Brazil ,Nativa,Hymenoptera,Halictidae,Megommation insigne
Brassica napus L.,Brassicaceae,France,Nativa,Hymenoptera,Apidae,Apis mellifera
Brassica napus L.,Brassicaceae,France,Nativa,Hymenoptera,Apidae,Plebeia emerina
Brassica napus L.,Brassicaceae,France,Nativa,Hymenoptera,Apidae,Tetragonisca fiebrigi
Bertholletia excelsa Bonpl.,Lecythidaceae,S. Tropical America.,Nativa,Hymenoptera,Apidae,Apis mellifera
Bertholletia excelsa Bonpl.,Lecythidaceae,S. Tropical America.,Nativa,Hymenoptera,Apidae,Bombus brevivillus
Bertholletia excelsa Bonpl.,Lecythidaceae,S. Tropical America.,Nativa,Hymenoptera,Apidae,Bombus transversalis
Bertholletia excelsa Bonpl.,Lecythidaceae,S. Tropical America.,Nativa,Hymenoptera,Apidae,Centris americana
Bertholletia excelsa Bonpl.,Lecythidaceae,S. Tropical America.,Nativa,Hymenoptera,Apidae,Centris carrikeri
Bertholletia excelsa Bonpl.,Lecythidaceae,S. Tropical America.,Nativa,Hymenoptera,Apidae,Centris denudans
Bertholletia excelsa Bonpl.,Lecythidaceae,S. Tropical America.,Nativa,Hymenoptera,Apidae,Centris dimidiata
Bertholletia excelsa Bonpl.,Lecythidaceae,S. Tropical America.,Nativa,Hymenoptera,Apidae,Centris ferruginea
Bertholletia excelsa Bonpl.,Lecythidaceae,S. Tropical America.,Nativa,Hymenoptera,Apidae,Centris flavifrons
Bertholletia excelsa Bonpl.,Lecythidaceae,S. Tropical America.,Nativa,Hymenoptera,Apidae,Cantris flavilabris
Bertholletia excelsa Bonpl.,Lecythidaceae,S. Tropical America.,Nativa,Hymenoptera,Apidae,Centris similis
Bertholletia excelsa Bonpl.,Lecythidaceae,S. Tropical America.,Nativa,Hymenoptera,Apidae,Epicharis affinis
Bertholletia excelsa Bonpl.,Lecythidaceae,S. Tropical America.,Nativa,Hymenoptera,Apidae,Epicharis conica
Bertholletia excelsa Bonpl.,Lecythidaceae,S. Tropical America.,Nativa,Hymenoptera,Apidae,Epicharis flava
Bertholletia excelsa Bonpl.,Lecythidaceae,S. Tropical America.,Nativa,Hymenoptera,Apidae,Epicharis rustica
Bertholletia excelsa Bonpl.,Lecythidaceae,S. Tropical America.,Nativa,Hymenoptera,Apidae,Epicharis umbraculata
Bertholletia excelsa Bonpl.,Lecythidaceae,S. Tropical America.,Nativa,Hymenoptera,Apidae,Ephicaris donata
Bertholletia excelsa Bonpl.,Lecythidaceae,S. Tropical America.,Nativa,Hymenoptera,Apidae,Eufriesea flaviventris
Bertholletia excelsa Bonpl.,Lecythidaceae,S. Tropical America.,Nativa,Hymenoptera,Apidae,Eufriesea purpurata
Bertholletia excelsa Bonpl.,Lecythidaceae,S. Tropical America.,Nativa,Hymenoptera,Apidae,Euglossa intersecta
Bertholletia excelsa Bonpl.,Lecythidaceae,S. Tropical America.,Nativa,Hymenoptera,Apidae,Eulaema bombiformis
Bertholletia excelsa Bonpl.,Lecythidaceae,S. Tropical America.,Nativa,Hymenoptera,Apidae,Eulaema cingulata
Bertholletia excelsa Bonpl.,Lecythidaceae,S. Tropical America.,Nativa,Hymenoptera,Apidae,Eulaema meriana
Bertholletia excelsa Bonpl.,Lecythidaceae,S. Tropical America.,Nativa,Hymenoptera,Apidae,Eulaema mocsaryi
Bertholletia excelsa Bonpl.,Lecythidaceae,S. Tropical America.,Nativa,Hymenoptera,Apidae,Eulaema nigrita
Bertholletia excelsa Bonpl.,Lecythidaceae,S. Tropical America.,Nativa,Hymenoptera,Apidae,Exomalopsis analis
Bertholletia excelsa Bonpl.,Lecythidaceae,S. Tropical America.,Nativa,Hymenoptera,Apidae,Xylocopa aurulenta
Bertholletia excelsa Bonpl.,Lecythidaceae,S. Tropical America.,Nativa,Hymenoptera,Apidae,Xylocopa frontalis
Bertholletia excelsa Bonpl.,Lecythidaceae,S. Tropical America.,Nativa,Hymenoptera,Apidae,Xylocopa muscaria
Bertholletia excelsa Bonpl.,Lecythidaceae,S. Tropical America.,Nativa,Hymenoptera,Megachilidae,Megachile sp.
Allium cepa L.,Amaryllidaceae,Central Asia,Exotica,Hymenoptera,Andrenidae,Antheronides sp.
Allium cepa L.,Amaryllidaceae,Central Asia,Exotica,Hymenoptera,Andrenidae,Acamptopoeum sp.
Allium cepa L.,Amaryllidaceae,Central Asia,Exotica,Hymenoptera,Apidae,Apis mellifera
Allium cepa L.,Amaryllidaceae,Central Asia,Exotica,Hymenoptera,Apidae,Bombus atratus
Allium cepa L.,Amaryllidaceae,Central Asia,Exotica,Hymenoptera,Apidae,Bombus bellicosus
Allium cepa L.,Amaryllidaceae,Central Asia,Exotica,Hymenoptera,Apidae,Mourella caerulea
Allium cepa L.,Amaryllidaceae,Central Asia,Exotica,Hymenoptera,Apidae,Xylocopa augusti
Allium cepa L.,Amaryllidaceae,Central Asia,Exotica,Hymenoptera,Apidae,Xylocopa frontalis
Allium cepa L.,Amaryllidaceae,Central Asia,Exotica,Hymenoptera,Halictidae,Augochlora semiramis
Allium cepa L.,Amaryllidaceae,Central Asia,Exotica,Hymenoptera,Halictidae,Augochlorella iopoecila
Allium cepa L.,Amaryllidaceae,Central Asia,Exotica,Hymenoptera,Halictidae,Augochloropsis cleopatra
Allium cepa L.,Amaryllidaceae,Central Asia,Exotica,Hymenoptera,Halictidae,Dialictus sp.
Allium cepa L.,Amaryllidaceae,Central Asia,Exotica,Hymenoptera,Halictidae,Paroxystoglossa sp.
Allium cepa L.,Amaryllidaceae,Central Asia,Exotica,Hymenoptera,Halictidae,Pseudagapostemon sp.
Allium cepa L.,Amaryllidaceae,Central Asia,Exotica,Hymenoptera,Halictidae,Thectochlora alaris
Copaifera langsdorffii Desf.,Fabaceae,"Argentina Northeast, Bolivia, Brazil, Guyana, Paraguay",Nativa,Hymenoptera,Apidae,Apis mellifera
Copaifera langsdorffii Desf.,Fabaceae,"Argentina Northeast, Bolivia, Brazil, Guyana, Paraguay",Nativa,Hymenoptera,Apidae,Exomalopsis sp.
Copaifera langsdorffii Desf.,Fabaceae,"Argentina Northeast, Bolivia, Brazil, Guyana, Paraguay",Nativa,Hymenoptera,Apidae,Scaptotrigona depilis
Copaifera langsdorffii Desf.,Fabaceae,"Argentina Northeast, Bolivia, Brazil, Guyana, Paraguay",Nativa,Hymenoptera,Apidae,Trigona spinipes
Copaifera langsdorffii Desf.,Fabaceae,"Argentina Northeast, Bolivia, Brazil, Guyana, Paraguay",Nativa,Hymenoptera,Halictidae,Augochlorella sp.
Copaifera langsdorffii Desf.,Fabaceae,"Argentina Northeast, Bolivia, Brazil, Guyana, Paraguay",Nativa,Hymenoptera,Halictidae,Temnosoma sp.
Theobroma grandiflorum (Willd. ex Spreng.) K.Schum.,Malvaceae,"Bolivia, Brazil North, Guyana, Honduras, Venezuela",Nativa,Coleoptera,Chrysomelidae,Antityphona sp.
Theobroma grandiflorum (Willd. ex Spreng.) K.Schum.,Malvaceae,"Bolivia, Brazil North, Guyana, Honduras, Venezuela",Nativa,Coleoptera,Curculionidae,Baris sp.
Theobroma grandiflorum (Willd. ex Spreng.) K.Schum.,Malvaceae,"Bolivia, Brazil North, Guyana, Honduras, Venezuela",Nativa,Hymenoptera,Apidae,Aparatrigona impuctata
Theobroma grandiflorum (Willd. ex Spreng.) K.Schum.,Malvaceae,"Bolivia, Brazil North, Guyana, Honduras, Venezuela",Nativa,Hymenoptera,Apidae,Apis mellifera
Theobroma grandiflorum (Willd. ex Spreng.) K.Schum.,Malvaceae,"Bolivia, Brazil North, Guyana, Honduras, Venezuela",Nativa,Hymenoptera,Apidae,Frieseomelitta silvestre
Theobroma grandiflorum (Willd. ex Spreng.) K.Schum.,Malvaceae,"Bolivia, Brazil North, Guyana, Honduras, Venezuela",Nativa,Hymenoptera,Apidae,Pitlotrigona lurida
Theobroma grandiflorum (Willd. ex Spreng.) K.Schum.,Malvaceae,"Bolivia, Brazil North, Guyana, Honduras, Venezuela",Nativa,Hymenoptera,Apidae,Plebeia minima
Theobroma grandiflorum (Willd. ex Spreng.) K.Schum.,Malvaceae,"Bolivia, Brazil North, Guyana, Honduras, Venezuela",Nativa,Hymenoptera,Apidae,Tetragona clavipes
Theobroma grandiflorum (Willd. ex Spreng.) K.Schum.,Malvaceae,"Bolivia, Brazil North, Guyana, Honduras, Venezuela",Nativa,Hymenoptera,Apidae,Tetragonisca angustula
Theobroma grandiflorum (Willd. ex Spreng.) K.Schum.,Malvaceae,"Bolivia, Brazil North, Guyana, Honduras, Venezuela",Nativa,Hymenoptera,Apidae,Trigona fulviventris
Theobroma grandiflorum (Willd. ex Spreng.) K.Schum.,Malvaceae,"Bolivia, Brazil North, Guyana, Honduras, Venezuela",Nativa,Hymenoptera,Apidae,Trigona pallens
Elaeis guineensis Jacq.,Arecaceae,Tropical Africa,Exotica,Coleoptera,Curculionidae,Elaeidobius kamerunicus
Elaeis guineensis Jacq.,Arecaceae,Tropical Africa,Exotica,Coleoptera,Curculionidae,Elaeidobius subvittatus
Elaeis guineensis Jacq.,Arecaceae,Tropical Africa,Exotica,Hymenoptera,Apidae,Apis mellifera
Elaeis guineensis Jacq.,Arecaceae,Tropical Africa,Exotica,Hymenoptera,Apidae,Partamona sp.
Elaeis guineensis Jacq.,Arecaceae,Tropical Africa,Exotica,Hymenoptera,Apidae,Trigona sp.
Vigna unguiculata (L.) Walp.,Fabaceae,Africa,Exotica,Hymenoptera,Apidae,Eulaema nigrita
Vigna unguiculata (L.) Walp.,Fabaceae,Africa,Exotica,Hymenoptera,Apidae,Xylocopa grisescens
Campomanesia pubescens (Mart. ex DC.) O.Berg,Myrtaceae,Brazil to Paraguay,Nativa,Hymenoptera,Apidae,Bombus morio
Sesamum indicum L.,Pedaliaceae,"Assam, Bangladesh, India, West Himalaya",Exotica,Hymenoptera,Apidae,Apis mellifera
Sesamum indicum L.,Pedaliaceae,"Assam, Bangladesh, India, West Himalaya",Exotica,Hymenoptera,Apidae,Trigona spinipes
Helianthus annuus L.,Asteraceae ,"Bangladesh, U.S.A., Mexico",Exotica,Hymenoptera,Apidae,Apis mellifera
Helianthus annuus L.,Asteraceae ,"Bangladesh, U.S.A., Mexico",Exotica,Hymenoptera,Apidae,Nannotrigona testaceicornis
Helianthus annuus L.,Asteraceae ,"Bangladesh, U.S.A., Mexico",Exotica,Hymenoptera,Apidae,Trigona spinipes
Psidium guajava L.,Myrtaceae ,Tropical & Subtropical America,Nativa,Hymenoptera,Apidae,Apis mellifera
Psidium guajava L.,Myrtaceae ,Tropical & Subtropical America,Nativa,Hymenoptera,Apidae,Bombus morio
Psidium guajava L.,Myrtaceae ,Tropical & Subtropical America,Nativa,Hymenoptera,Apidae,Centris tarsata
Psidium guajava L.,Myrtaceae ,Tropical & Subtropical America,Nativa,Hymenoptera,Apidae,Epicharis flava
Psidium guajava L.,Myrtaceae ,Tropical & Subtropical America,Nativa,Hymenoptera,Apidae,Euglossa spp.
Psidium guajava L.,Myrtaceae ,Tropical & Subtropical America,Nativa,Hymenoptera,Apidae,Eulaema nigrita
Psidium guajava L.,Myrtaceae ,Tropical & Subtropical America,Nativa,Hymenoptera,Apidae,Melipona quadrifasciata
Psidium guajava L.,Myrtaceae ,Tropical & Subtropical America,Nativa,Hymenoptera,Apidae,Melipona subnitida
Psidium guajava L.,Myrtaceae ,Tropical & Subtropical America,Nativa,Hymenoptera,Apidae,Partamona cupira
Psidium guajava L.,Myrtaceae ,Tropical & Subtropical America,Nativa,Hymenoptera,Apidae,Tetragonisca angustula
Psidium guajava L.,Myrtaceae ,Tropical & Subtropical America,Nativa,Hymenoptera,Apidae,Trigona fulviventris
Psidium guajava L.,Myrtaceae ,Tropical & Subtropical America,Nativa,Hymenoptera,Apidae,Trigona hyalinata
Psidium guajava L.,Myrtaceae ,Tropical & Subtropical America,Nativa,Hymenoptera,Apidae,Trigona spinipes
Psidium guajava L.,Myrtaceae ,Tropical & Subtropical America,Nativa,Hymenoptera,Apidae,Xylocopa frontalis
Psidium guajava L.,Myrtaceae ,Tropical & Subtropical America,Nativa,Hymenoptera,Apidae,Xylocopa grisescens
Psidium guajava L.,Myrtaceae ,Tropical & Subtropical America,Nativa,Hymenoptera,Apidae,Xylocopa muscaria
Psidium guajava L.,Myrtaceae ,Tropical & Subtropical America,Nativa,Hymenoptera,Apidae,Xylocopa nigrocincta
Psidium guajava L.,Myrtaceae ,Tropical & Subtropical America,Nativa,Hymenoptera,Halictidae,Augochloropsis patens
Paullinia cupana Kunth,Sapindaceae,"Brazil North, Colombia, Ecuador, Guyana, Peru, Venezuela",Nativa,Hymenoptera,Apidae,Apis mellifera
Paullinia cupana Kunth,Sapindaceae,"Brazil North, Colombia, Ecuador, Guyana, Peru, Venezuela",Nativa,Hymenoptera,Apidae,Melipona seminigra
Paullinia cupana Kunth,Sapindaceae,"Brazil North, Colombia, Ecuador, Guyana, Peru, Venezuela",Nativa,Hymenoptera,Apidae,Xylocopa muscaria
Campomanesia adamantium (Cambess.) O.Berg,Myrtaceae,Brazil to Paraguay,Nativa,Hymenoptera,Apidae,Apis mellifera
Campomanesia adamantium (Cambess.) O.Berg,Myrtaceae,Brazil to Paraguay,Nativa,Hymenoptera,Apidae,Exomalopsis sp.
Campomanesia adamantium (Cambess.) O.Berg,Myrtaceae,Brazil to Paraguay,Nativa,Hymenoptera,Apidae,Xylocopa sp.
Ziziphus joazeiro,Rhamanaceae,"Argentina Northeast, Bolivia, Brazil Northeast, Honduras, Paraguay",Nativa,Hymenoptera,Apidae,Apis mellifera
Ziziphus joazeiro,Rhamanaceae,"Argentina Northeast, Bolivia, Brazil Northeast, Honduras, Paraguay",Nativa,Hymenoptera,Vespidae,Brachygastra lecheguana
Ziziphus joazeiro,Rhamanaceae,"Argentina Northeast, Bolivia, Brazil Northeast, Honduras, Paraguay",Nativa,Hymenoptera,Vespidae,Polistes canadensis
Ziziphus joazeiro,Rhamanaceae,"Argentina Northeast, Bolivia, Brazil Northeast, Honduras, Paraguay",Nativa,Hymenoptera,Vespidae,Polybia ignobilis
Ziziphus joazeiro,Rhamanaceae,"Argentina Northeast, Bolivia, Brazil Northeast, Honduras, Paraguay",Nativa,Hymenoptera,Vespidae,Polybia ruficeps
Ziziphus joazeiro,Rhamanaceae,"Argentina Northeast, Bolivia, Brazil Northeast, Honduras, Paraguay",Nativa,Hymenoptera,Vespidae,Protonectarina sylveirae
Solanum paniculatum Mart.,Solanaceae,"Honduras, Brazil. Bolivia to Argentina ",Nativa,Hymenoptera,Apidae,Bombus atratus
Solanum paniculatum Mart.,Solanaceae,"Honduras, Brazil. Bolivia to Argentina ",Nativa,Hymenoptera,Apidae,Bombus morio
Solanum paniculatum Mart.,Solanaceae,"Honduras, Brazil. Bolivia to Argentina ",Nativa,Hymenoptera,Apidae,Centris spp.
Solanum paniculatum Mart.,Solanaceae,"Honduras, Brazil. Bolivia to Argentina ",Nativa,Hymenoptera,Apidae,Xylocopa frontalis
Citrus sinensis (L.) Osbeck,Rutaceae,Himalaya to S. Central & S. Japan and Australia.,Exotica,Hymenoptera,Apidae,Apis mellifera
Citrus sinensis (L.) Osbeck,Rutaceae,Himalaya to S. Central & S. Japan and Australia.,Exotica,Hymenoptera,Apidae,Trigona spinipes
Malus domestica (Suckow) Borkh,Rosaceae,Afghanistan to Central Asia and Xinjiang,Exotica,Hymenoptera,Apidae,Apis mellifera
Malus domestica (Suckow) Borkh,Rosaceae,Afghanistan to Central Asia and Xinjiang,Exotica,Hymenoptera,Apidae,Melipona quadrifasciata
Acrocomia aculeata (Jacq.) Lodd. ex R.Keith,Bromeliaceae,"S. Mexico to Brazil, Caribbean",Nativa,Coleoptera,Curculionidae,Andranthobius sp.
Acrocomia aculeata (Jacq.) Lodd. ex R.Keith,Bromeliaceae,"S. Mexico to Brazil, Caribbean",Nativa,Coleoptera,Nitidulidae,Mystrops sp.
Acrocomia aculeata (Jacq.) Lodd. ex R.Keith,Bromeliaceae,"S. Mexico to Brazil, Caribbean",Nativa,Coleoptera,Scarabaeidae,Cyclocephala forsteri
Ricinus communis L.,Euphorbiaceae,Tropical Africa,Exotica,Hymenoptera,Apidae,Apis mellifera
Manihot esculenta Crantz,Euphorbiaceae,W. South America to Brazil,Nativa,Hymenoptera,Apidae,Apis mellifera
Mangifera indica L.,Anacardiaceae,Assam to China,Exotica,Diptera,Muscidae,Musca domestica
Mangifera indica L.,Anacardiaceae,Assam to China,Exotica,Diptera,Syrphidae,Ornidia obesa
Mangifera indica L.,Anacardiaceae,Assam to China,Exotica,Diptera,Syrphidae,Palpada vinetorum
Mangifera indica L.,Anacardiaceae,Assam to China,Exotica,Diptera,Tachinidae,Belvosia bicincta
Mangifera indica L.,Anacardiaceae,Assam to China,Exotica,Hymenoptera,Apidae,Apis mellifera
Mangifera indica L.,Anacardiaceae,Assam to China,Exotica,Hymenoptera,Apidae,Trigona spinipes
Mangifera indica L.,Anacardiaceae,Assam to China,Exotica,Hymenoptera,Vespidae,Brachygastra sp.
Hancornia speciosa Gomes,Apocynaceae ,Brazil to Peru and Paraguay,Nativa,Hymenoptera,Apidae,Eulaema bombiformis
Hancornia speciosa Gomes,Apocynaceae ,Brazil to Peru and Paraguay,Nativa,Hymenoptera,Apidae,Eulaema cingulata
Hancornia speciosa Gomes,Apocynaceae ,Brazil to Peru and Paraguay,Nativa,Hymenoptera,Apidae,Eulaema flavescens
Hancornia speciosa Gomes,Apocynaceae ,Brazil to Peru and Paraguay,Nativa,Hymenoptera,Apidae,Eulaema nigrita
Hancornia speciosa Gomes,Apocynaceae ,Brazil to Peru and Paraguay,Nativa,Hymenoptera,Apidae,Exaerete smaragdina
Hancornia speciosa Gomes,Apocynaceae ,Brazil to Peru and Paraguay,Nativa,Lepidoptera,Hesperiidae,Bungalotis sp.
Hancornia speciosa Gomes,Apocynaceae ,Brazil to Peru and Paraguay,Nativa,Lepidoptera,Hesperiidae,Dysocephaly nicephorces
Hancornia speciosa Gomes,Apocynaceae ,Brazil to Peru and Paraguay,Nativa,Lepidoptera,Hesperiidae,Historis acrouta
Hancornia speciosa Gomes,Apocynaceae ,Brazil to Peru and Paraguay,Nativa,Lepidoptera,Hesperiidae,Nascus phocus
Hancornia speciosa Gomes,Apocynaceae ,Brazil to Peru and Paraguay,Nativa,Lepidoptera,Hesperiidae,Perichares philetes
Hancornia speciosa Gomes,Apocynaceae ,Brazil to Peru and Paraguay,Nativa,Lepidoptera,Hesperiidae,Phocides pigmalion
Hancornia speciosa Gomes,Apocynaceae ,Brazil to Peru and Paraguay,Nativa,Lepidoptera,Hesperiidae,Urbanus dorantes
Hancornia speciosa Gomes,Apocynaceae ,Brazil to Peru and Paraguay,Nativa,Lepidoptera,Hesperiidae,Urbanus proteus
Hancornia speciosa Gomes,Apocynaceae ,Brazil to Peru and Paraguay,Nativa,Lepidoptera,Hesperiidae,Urbanus teleus
Hancornia speciosa Gomes,Apocynaceae ,Brazil to Peru and Paraguay,Nativa,Lepidoptera,Nymphalidae,Heliconius nanna
Hancornia speciosa Gomes,Apocynaceae ,Brazil to Peru and Paraguay,Nativa,Lepidoptera,Nymphalidae,Heliconius phyllis
Hancornia speciosa Gomes,Apocynaceae ,Brazil to Peru and Paraguay,Nativa,Lepidoptera,Saturniidae,Aellopos fadus
Hancornia speciosa Gomes,Apocynaceae ,Brazil to Peru and Paraguay,Nativa,Lepidoptera,Sphingidae,Agrius cingulata
Hancornia speciosa Gomes,Apocynaceae ,Brazil to Peru and Paraguay,Nativa,Lepidoptera,Sphingidae,Enyo ocypete
Hancornia speciosa Gomes,Apocynaceae ,Brazil to Peru and Paraguay,Nativa,Lepidoptera,Sphingidae,Erinnyis ello
Hancornia speciosa Gomes,Apocynaceae ,Brazil to Peru and Paraguay,Nativa,Lepidoptera,Sphingidae,Hyles euphorbiarum
Hancornia speciosa Gomes,Apocynaceae ,Brazil to Peru and Paraguay,Nativa,Lepidoptera,Sphingidae,Isognathus caricae
Hancornia speciosa Gomes,Apocynaceae ,Brazil to Peru and Paraguay,Nativa,Lepidoptera,Sphingidae,Isognathus menechus
Hancornia speciosa Gomes,Apocynaceae ,Brazil to Peru and Paraguay,Nativa,Lepidoptera,Sphingidae,Manduca diffissa
Hancornia speciosa Gomes,Apocynaceae ,Brazil to Peru and Paraguay,Nativa,Lepidoptera,Sphingidae,Manduca sexta
Hancornia speciosa Gomes,Apocynaceae ,Brazil to Peru and Paraguay,Nativa,Lepidoptera,Sphingidae,Neogene dynaeus
Hancornia speciosa Gomes,Apocynaceae ,Brazil to Peru and Paraguay,Nativa,Lepidoptera,Sphingidae,Pachylia ficus
Hancornia speciosa Gomes,Apocynaceae ,Brazil to Peru and Paraguay,Nativa,Lepidoptera,Sphingidae,Pachylia syces
Passiflora edulis Sims,Passifloraceae,Brazil to Argentina,Nativa,Hymenoptera,Andrenidae,Oxaea austera
Passiflora edulis Sims,Passifloraceae,Brazil to Argentina,Nativa,Hymenoptera,Andrenidae,Oxaea flavescens
Passiflora edulis Sims,Passifloraceae,Brazil to Argentina,Nativa,Hymenoptera,Apidae,Acantophus excellens
Passiflora edulis Sims,Passifloraceae,Brazil to Argentina,Nativa,Hymenoptera,Apidae,Bombus morio
Passiflora edulis Sims,Passifloraceae,Brazil to Argentina,Nativa,Hymenoptera,Apidae,Bombus pauloensis
Passiflora edulis Sims,Passifloraceae,Brazil to Argentina,Nativa,Hymenoptera,Apidae,Centris denudans
Passiflora edulis Sims,Passifloraceae,Brazil to Argentina,Nativa,Hymenoptera,Apidae,Centris flavifrons
Passiflora edulis Sims,Passifloraceae,Brazil to Argentina,Nativa,Hymenoptera,Apidae,Centris longimana
Passiflora edulis Sims,Passifloraceae,Brazil to Argentina,Nativa,Hymenoptera,Apidae,Centris lutea
Passiflora edulis Sims,Passifloraceae,Brazil to Argentina,Nativa,Hymenoptera,Apidae,Centris scopipes
Passiflora edulis Sims,Passifloraceae,Brazil to Argentina,Nativa,Hymenoptera,Apidae,Centris sponsa
Passiflora edulis Sims,Passifloraceae,Brazil to Argentina,Nativa,Hymenoptera,Apidae,Epicharis bicolor
Passiflora edulis Sims,Passifloraceae,Brazil to Argentina,Nativa,Hymenoptera,Apidae,Epicharis flava
Passiflora edulis Sims,Passifloraceae,Brazil to Argentina,Nativa,Hymenoptera,Apidae,Eufriesea surinamensis
Passiflora edulis Sims,Passifloraceae,Brazil to Argentina,Nativa,Hymenoptera,Apidae,Eulaema nigrita
Passiflora edulis Sims,Passifloraceae,Brazil to Argentina,Nativa,Hymenoptera,Apidae,Hopliphora velutina
Passiflora edulis Sims,Passifloraceae,Brazil to Argentina,Nativa,Hymenoptera,Apidae,Xylocopa brasilianorum
Passiflora edulis Sims,Passifloraceae,Brazil to Argentina,Nativa,Hymenoptera,Apidae,Xylocopa cearensis
Passiflora edulis Sims,Passifloraceae,Brazil to Argentina,Nativa,Hymenoptera,Apidae,Xylocopa frontalis
Passiflora edulis Sims,Passifloraceae,Brazil to Argentina,Nativa,Hymenoptera,Apidae,Xylocopa grisescens
Passiflora edulis Sims,Passifloraceae,Brazil to Argentina,Nativa,Hymenoptera,Apidae,Xylocopa hirsutissima
Passiflora edulis Sims,Passifloraceae,Brazil to Argentina,Nativa,Hymenoptera,Apidae,Xylocopa nigrocinta
Passiflora edulis Sims,Passifloraceae,Brazil to Argentina,Nativa,Hymenoptera,Apidae,Xylocopa ordinaria
Passiflora edulis Sims,Passifloraceae,Brazil to Argentina,Nativa,Hymenoptera,Apidae,Xylocopa suspecta
Citrullus lanatus (Thunb.) Matsum. & Nakai,Cucurbitaceae,"Egypt, Ethiopia, Libya, Sudan",Exotica,Coleoptera,Chrysomelidae,Diabrotica sp.
Citrullus lanatus (Thunb.) Matsum. & Nakai,Cucurbitaceae,"Egypt, Ethiopia, Libya, Sudan",Exotica,Hymenoptera,Apidae,Apis mellifera
Citrullus lanatus (Thunb.) Matsum. & Nakai,Cucurbitaceae,"Egypt, Ethiopia, Libya, Sudan",Exotica,Hymenoptera,Apidae,Melipona sp.
Citrullus lanatus (Thunb.) Matsum. & Nakai,Cucurbitaceae,"Egypt, Ethiopia, Libya, Sudan",Exotica,Hymenoptera,Apidae,Trigona spinipes
Cucumis melo L.,Cucurbitaceae,"Ethiopia to S. Africa, SW. Syria to Arabian Peninsula and Indian Subcontinent, N. & Central Australia.",Exotica,Hymenoptera,Apidae,Apis mellifera
Cucumis melo L.,Cucurbitaceae,"Ethiopia to S. Africa, SW. Syria to Arabian Peninsula and Indian Subcontinent, N. & Central Australia.",Exotica,Hymenoptera,Apidae,Plebeia mosquito
Cucumis melo L.,Cucurbitaceae,"Ethiopia to S. Africa, SW. Syria to Arabian Peninsula and Indian Subcontinent, N. & Central Australia.",Exotica,Hymenoptera,Apidae,Scaptotrigona sp.
Cucumis melo L.,Cucurbitaceae,"Ethiopia to S. Africa, SW. Syria to Arabian Peninsula and Indian Subcontinent, N. & Central Australia.",Exotica,Hymenoptera,Apidae,Trigona pallens
Cucumis melo L.,Cucurbitaceae,"Ethiopia to S. Africa, SW. Syria to Arabian Peninsula and Indian Subcontinent, N. & Central Australia.",Exotica,Hymenoptera,Apidae,Trigona recursa
Cucumis melo L.,Cucurbitaceae,"Ethiopia to S. Africa, SW. Syria to Arabian Peninsula and Indian Subcontinent, N. & Central Australia.",Exotica,Hymenoptera,Apidae,Trigona spinipes
Cucumis melo L.,Cucurbitaceae,"Ethiopia to S. Africa, SW. Syria to Arabian Peninsula and Indian Subcontinent, N. & Central Australia.",Exotica,Hymenoptera,Halictidae,Halictus sp.
Momordica charantia L.,Cucurbitaceae ,Tropical & Subtropical Old World to NE Queensland.,Exotica,Coleoptera,Chrysomelidae,Diabrotica speciosa
Byrsonima crassifolia (L.) Kunth,Malpighiaceae,Mexico to Tropical America,Nativa,Hymenoptera,Apidae,Centris sp.
Byrsonima crassifolia (L.) Kunth,Malpighiaceae,Mexico to Tropical America,Nativa,Hymenoptera,Apidae,Melipona sp.
Euterpe edulis Mart.,Arecaceae,Brazil to Argentina,Nativa,Hymenoptera,Apidae,Apis mellifera
Euterpe edulis Mart.,Arecaceae,Brazil to Argentina,Nativa,Hymenoptera,Apidae,Plebeia droryana
Euterpe edulis Mart.,Arecaceae,Brazil to Argentina,Nativa,Hymenoptera,Apidae,Plabeia emerina
Euterpe edulis Mart.,Arecaceae,Brazil to Argentina,Nativa,Hymenoptera,Apidae,Plebeia remota
Cucumis sativus L.,Cucurbitaceae,Himalaya to China and N. Thailand,Exotica,Hymenoptera,Apidae,Nannotrigona testaceicornis
Cucumis sativus L.,Cucurbitaceae,Himalaya to China and N. Thailand,Exotica,Hymenoptera,Apidae,Scaptotrigona sp.
Caryocar brasiliense A.St.-Hil.,Caryocaceae,Brazil to Paraguay,Nativa,Chiroptera,Phyllostomidae,Anoura geoffroyii
Caryocar brasiliense A.St.-Hil.,Caryocaceae,Brazil to Paraguay,Nativa,Chiroptera,Phyllostomidae,Carollia perspicillata
Caryocar brasiliense A.St.-Hil.,Caryocaceae,Brazil to Paraguay,Nativa,Chiroptera,Phyllostomidae,Glossophaga soricina
Caryocar brasiliense A.St.-Hil.,Caryocaceae,Brazil to Paraguay,Nativa,Chiroptera,Phyllostomidae,Phyllostomus discolor
Caryocar brasiliense A.St.-Hil.,Caryocaceae,Brazil to Paraguay,Nativa,Chiroptera,Phyllostomidae,Platyrrhinus lineatus
Caryocar brasiliense A.St.-Hil.,Caryocaceae,Brazil to Paraguay,Nativa,Lepidoptera,Sphingidae,Erinnyis ello
Caryocar brasiliense A.St.-Hil.,Caryocaceae,Brazil to Paraguay,Nativa,Lepidoptera,Sphingidae,Pseudosphinx tetrio
Pyrus pyrifolia (Burm.f.) Nakai,Rosaceae,S. China to Indo-China,Exotica,Coleoptera,Melyridae,Astylus quadrilineatus
Pyrus pyrifolia (Burm.f.) Nakai,Rosaceae,S. China to Indo-China,Exotica,Diptera,Syrphidae,Toxomerus sp.
Pyrus pyrifolia (Burm.f.) Nakai,Rosaceae,S. China to Indo-China,Exotica,Hymenoptera,Apidae,Apis mellifera
Pyrus pyrifolia (Burm.f.) Nakai,Rosaceae,S. China to Indo-China,Exotica,Hymenoptera,Apidae,Bombus pauloensis
Pyrus pyrifolia (Burm.f.) Nakai,Rosaceae,S. China to Indo-China,Exotica,Hymenoptera,Apidae,Plebeia sp.
Pyrus pyrifolia (Burm.f.) Nakai,Rosaceae,S. China to Indo-China,Exotica,Hymenoptera,Apidae,Trigona spinipes
Pyrus pyrifolia (Burm.f.) Nakai,Rosaceae,S. China to Indo-China,Exotica,Hymenoptera,Apidae,Xylocopa augusti
Pyrus pyrifolia (Burm.f.) Nakai,Rosaceae,S. China to Indo-China,Exotica,Hymenoptera,Halictidae,Dalictus sp.
Pyrus pyrifolia (Burm.f.) Nakai,Rosaceae,S. China to Indo-China,Exotica,Hymenoptera,Vespidae,Polybia sp.
Pyrus pyrifolia (Burm.f.) Nakai,Rosaceae,S. China to Indo-China,Exotica,Lepidoptera,Nymphalidae,Vanessa braziliensis
Eugenia spp.,Myrtaceae,Bolivia to Brazil and NE. Argentina,Nativa,Hymenoptera,Apidae,Apis mellifera
Eugenia spp.,Myrtaceae,Bolivia to Brazil and NE. Argentina,Nativa,Hymenoptera,Apidae,Melipona sp.
Prunus persica (L.) Batsch,Rosaceae,Central China.,Exotica,Hymenoptera,Apidae,Apis mellifera
Prunus persica (L.) Batsch,Rosaceae,Central China.,Exotica,Hymenoptera,Apidae,Trigona spinipes
Prunus persica (L.) Batsch,Rosaceae,Central China.,Exotica,Hymenoptera,Apidae,Xylocopa sp.
Capsicum frutescens L.,Solanaceae,Bolivia to Brazil,Nativa,Hymenoptera,Apidae,Apis mellifera
Capsicum frutescens L.,Solanaceae,Bolivia to Brazil,Nativa,Hymenoptera,Apidae,Melipona sp.
Capsicum annuum L.,Solanaceae,South and Central America,Exotica,Diptera,Syrphidae,Toxomerus sp.
Capsicum annuum L.,Solanaceae,South and Central America,Exotica,Hymenoptera,Apidae,Apis mellifera
Capsicum annuum L.,Solanaceae,South and Central America,Exotica,Hymenoptera,Apidae,Exomalopsis analis
Capsicum annuum L.,Solanaceae,South and Central America,Exotica,Hymenoptera,Apidae,Exomalopsis auropilosa
Capsicum annuum L.,Solanaceae,South and Central America,Exotica,Hymenoptera,Apidae,Exomalopsis fulvofasciata
Capsicum annuum L.,Solanaceae,South and Central America,Exotica,Hymenoptera,Apidae,Frieseomelitta varia
Capsicum annuum L.,Solanaceae,South and Central America,Exotica,Hymenoptera,Apidae,Melipona fasciculata
Capsicum annuum L.,Solanaceae,South and Central America,Exotica,Hymenoptera,Apidae,Melipona quadrifasciata
Capsicum annuum L.,Solanaceae,South and Central America,Exotica,Hymenoptera,Apidae,Melipona scutellaris
Capsicum annuum L.,Solanaceae,South and Central America,Exotica,Hymenoptera,Apidae,Melipona subnitida
Capsicum annuum L.,Solanaceae,South and Central America,Exotica,Hymenoptera,Apidae,Tetragonisca angustula
Capsicum annuum L.,Solanaceae,South and Central America,Exotica,Hymenoptera,Apidae,Trigona spinipes
Capsicum annuum L.,Solanaceae,South and Central America,Exotica,Hymenoptera,Colletidae,Hylaeus tricolor
Capsicum annuum L.,Solanaceae,South and Central America,Exotica,Hymenoptera,Halictidae,Augochlora morrae
Capsicum annuum L.,Solanaceae,South and Central America,Exotica,Hymenoptera,Halictidae,Augochlora thalia
Capsicum annuum L.,Solanaceae,South and Central America,Exotica,Hymenoptera,Halictidae,Augochlorella acarinata
Capsicum annuum L.,Solanaceae,South and Central America,Exotica,Hymenoptera,Halictidae,Augochloropsis aurifluens
Capsicum annuum L.,Solanaceae,South and Central America,Exotica,Hymenoptera,Halictidae,Augochloropsis cleopatra
Capsicum annuum L.,Solanaceae,South and Central America,Exotica,Hymenoptera,Halictidae,Augochloropsis heterochroa
Capsicum annuum L.,Solanaceae,South and Central America,Exotica,Hymenoptera,Halictidae,Augochloropsis laera
Capsicum annuum L.,Solanaceae,South and Central America,Exotica,Hymenoptera,Halictidae,Augochloropsis wallacei
Annona squamosa L.,Annonaceae,Mexico to Colombia,Exotica,Coleoptera,Nitidulidae,Carpophilus sp.
Annona squamosa L.,Annonaceae,Mexico to Colombia,Exotica,Coleoptera,Nitidulidae,Haptoncus ochraceus
Eugenia bergii Nied.,Myrtaceae,Brazil,Nativa,Hymenoptera,Apidae,Apis mellifera
Eugenia bergii Nied.,Myrtaceae,Brazil,Nativa,Hymenoptera,Apidae,Melipona obscurior
Eugenia bergii Nied.,Myrtaceae,Brazil,Nativa,Hymenoptera,Apidae,Xylocopa bimaculata
Eugenia selloi B.D.Jacks,Myrtaceae,Brazil,Nativa,Hymenoptera,Apidae,Apis mellifera
Glycine max (L.) Merr.,Fabaceae,Russian Far East to China and Temp. E. Asia,Exotica,Hymenoptera,Apidae,Apis mellifera
Citrus reticulata Blanco,Rutaceae,Himalaya to S. Central & S. Japan and Australia,Exotica,Hymenoptera,Apidae,Apis mellifera
Solanum lycopersicum L.,Solanaceae,Peru,Exotica,Hymenoptera,Andrenidae,Acamptopoeum prinii
Solanum lycopersicum L.,Solanaceae,Peru,Exotica,Hymenoptera,Andrenidae,Oxaea flavescens
Solanum lycopersicum L.,Solanaceae,Peru,Exotica,Hymenoptera,Apidae,Apis mellifera
Solanum lycopersicum L.,Solanaceae,Peru,Exotica,Hymenoptera,Apidae,Bombus morio
Solanum lycopersicum L.,Solanaceae,Peru,Exotica,Hymenoptera,Apidae,Bombus pauloensis
Solanum lycopersicum L.,Solanaceae,Peru,Exotica,Hymenoptera,Apidae,Centris aenea
Solanum lycopersicum L.,Solanaceae,Peru,Exotica,Hymenoptera,Apidae,Centris fuscata
Solanum lycopersicum L.,Solanaceae,Peru,Exotica,Hymenoptera,Apidae,Centris tarsata
Solanum lycopersicum L.,Solanaceae,Peru,Exotica,Hymenoptera,Apidae,Centris varia
Solanum lycopersicum L.,Solanaceae,Peru,Exotica,Hymenoptera,Apidae,Epicharis flava
Solanum lycopersicum L.,Solanaceae,Peru,Exotica,Hymenoptera,Apidae,Euglossa sp.
Solanum lycopersicum L.,Solanaceae,Peru,Exotica,Hymenoptera,Apidae,Eulaema nigrita
Solanum lycopersicum L.,Solanaceae,Peru,Exotica,Hymenoptera,Apidae,Exomalopsis analis
Solanum lycopersicum L.,Solanaceae,Peru,Exotica,Hymenoptera,Apidae,Exomalopsis auropilosa
Solanum lycopersicum L.,Solanaceae,Peru,Exotica,Hymenoptera,Apidae,Euxomalopsis fluvofasciata
Solanum lycopersicum L.,Solanaceae,Peru,Exotica,Hymenoptera,Apidae,Exomalopsis minor
Solanum lycopersicum L.,Solanaceae,Peru,Exotica,Hymenoptera,Apidae,Frieseomelitta sp.
Solanum lycopersicum L.,Solanaceae,Peru,Exotica,Hymenoptera,Apidae,Melipona quinquefascia
Solanum lycopersicum L.,Solanaceae,Peru,Exotica,Hymenoptera,Apidae,Thygater analis
Solanum lycopersicum L.,Solanaceae,Peru,Exotica,Hymenoptera,Apidae,Trigona fulviventris
Solanum lycopersicum L.,Solanaceae,Peru,Exotica,Hymenoptera,Apidae,Trigona fuscipennis
Solanum lycopersicum L.,Solanaceae,Peru,Exotica,Hymenoptera,Apidae,Trigona spinipes
Solanum lycopersicum L.,Solanaceae,Peru,Exotica,Hymenoptera,Apidae,Xylocopa frontalis
Solanum lycopersicum L.,Solanaceae,Peru,Exotica,Hymenoptera,Apidae,Xylocopa muscaria
Solanum lycopersicum L.,Solanaceae,Peru,Exotica,Hymenoptera,Apidae,Xylocopa suspecta
Solanum lycopersicum L.,Solanaceae,Peru,Exotica,Hymenoptera,Halictidae,Augochlora sp.
Solanum lycopersicum L.,Solanaceae,Peru,Exotica,Hymenoptera,Halictidae,Augochloropsis callichroa
Solanum lycopersicum L.,Solanaceae,Peru,Exotica,Hymenoptera,Halictidae,Augochloropsis cupreola
Solanum lycopersicum L.,Solanaceae,Peru,Exotica,Hymenoptera,Halictidae,Augochloropsis electra
Solanum lycopersicum L.,Solanaceae,Peru,Exotica,Hymenoptera,Halictidae,Augochloropsis smithiana
Spondias tuberosa Arruda,Anacardiaceae,Brazil,Nativa,Hymenoptera,Apidae,Apis mellifera
Spondias tuberosa Arruda,Anacardiaceae,Brazil,Nativa,Hymenoptera,Apidae,Centris fuscata
Spondias tuberosa Arruda,Anacardiaceae,Brazil,Nativa,Hymenoptera,Apidae,Frieseomelitta flavicornis
Spondias tuberosa Arruda,Anacardiaceae,Brazil,Nativa,Hymenoptera,Apidae,Scaptotrigona postica
Spondias tuberosa Arruda,Anacardiaceae,Brazil,Nativa,Hymenoptera,Apidae,Trigona fuscipennis
Spondias tuberosa Arruda,Anacardiaceae,Brazil,Nativa,Hymenoptera,Apidae,Xylocopa sp.
Spondias tuberosa Arruda,Anacardiaceae,Brazil,Nativa,Hymenoptera,Vespidae,Brachygastra lecheguana
Spondias tuberosa Arruda,Anacardiaceae,Brazil,Nativa,Hymenoptera,Vespidae,Omicron sp.
Spondias tuberosa Arruda,Anacardiaceae,Brazil,Nativa,Hymenoptera,Vespidae,Polistes canadensis
Spondias tuberosa Arruda,Anacardiaceae,Brazil,Nativa,Hymenoptera,Vespidae,Polybia ignobilis
Spondias tuberosa Arruda,Anacardiaceae,Brazil,Nativa,Hymenoptera,Vespidae,Polybia platycephala
Spondias tuberosa Arruda,Anacardiaceae,Brazil,Nativa,Hymenoptera,Vespidae,Polybia ruficeps
Spondias tuberosa Arruda,Anacardiaceae,Brazil,Nativa,Hymenoptera,Vespidae,Protonectarina sylveirae
Spondias tuberosa Arruda,Anacardiaceae,Brazil,Nativa,Hymenoptera,Vespidae,Protopolybia exigua
Spondias tuberosa Arruda,Anacardiaceae,Brazil,Nativa,Hymenoptera,Vespidae,Zethus mexicanus
Bixa orellana L.,Bixaceae,Mexico to S. Tropical America,Nativa,Hymenoptera,Apidae,Bombus morio
Bixa orellana L.,Bixaceae,Mexico to S. Tropical America,Nativa,Hymenoptera,Apidae,Centris aenea
Bixa orellana L.,Bixaceae,Mexico to S. Tropical America,Nativa,Hymenoptera,Apidae,Centris flavifrons
Bixa orellana L.,Bixaceae,Mexico to S. Tropical America,Nativa,Hymenoptera,Apidae,Centris obsoleta
Bixa orellana L.,Bixaceae,Mexico to S. Tropical America,Nativa,Hymenoptera,Apidae,Melipona quadrifasciata
Bixa orellana L.,Bixaceae,Mexico to S. Tropical America,Nativa,Hymenoptera,Apidae,Melipona scutellaris
Bixa orellana L.,Bixaceae,Mexico to S. Tropical America,Nativa,Hymenoptera,Apidae,Xylocopa frontalis
